obs_ID,observer,year,nest,file_name,type,ex_non_ID,pair_ID,start_time_video,capture,cage,sex,sound_ok,bill_call_visible,reality_dt,video_dt,timespan_before_presence,dt_1st_presence,type_p,dt_1st_call,first_who,reply,call_how_many,call_o_alone ,call_o_pres_arrive ,call_c_pres_arrive,dt_1st_flyoff,number_flyoff,duration_flyoff,dt_arrive,type_a,direction_a,with_calling,o_replies,call_c_int,call_o_int,call_int_1,dt_left,type_l,call_left,current_bout,next_bout,pushoff_int,left_before_presence,call_int_c2,dt_on,call_int_c3,abnormality,file_name_new,comments
1,mb,2011,s303,0APPD8F0,ex,1,1,2011-Jun-28 15:32:42,n,n,f,y,n,,,0:29:05,2011-Jun-28 16:01:47,v,2011-Jun-28 15:58:11,o,n,NA,1,0,0,NA,NA,NA,2011-Jun-28 16:02:26,f,b,n,NA,2,0,2,2011-Jun-28 16:02:37,f,n,593.333,661.417,3,n,2,2011-Jun-28 16:02:42,0,n,,"presence had to be during the time of first call because the bird appears within the frame a minute later; quietly coming to the nest, realizes that partner is still on,  calls intensively and constantly, until the partner leaves (pushes her off the nest)"
2,mb,2011,s303,0APVK7K0; 0APVL7K0,ex,2,2,2011-Jul-01 00:26:49,n,n,m,y,n,,,0:17:14,2011-Jul-01 00:44:03,v,2011-Jul-01 00:40:48,o,n,15,4,11,0,NA,0,0,2011-Jul-01 00:56:45,w,b,y,y,2,3,3,2011-Jul-01 00:56:03,wf,y,830.667,748.7833333,0,n,2,2011-Jul-01 00:56:49,0,n,,
3,mb,2011,s303,0AQ10540; 0AQ11500,ex,3,3,2011-Jul-01 12:55:56,n,n,f,y,n,,,0:10:44,2011-Jul-01 13:06:40,b,2011-Jul-01 13:06:40,c,n,1,0,0,1,2011-Jul-01 12:58:23,2,0:09:34,2011-Jul-01 13:25:34,a,b,y,n,NA,NA,NA,2011-Jul-01 13:25:36,f,n,748.7833333,667.333,0,n,0,2011-Jul-01 13:25:56,0,y,s303_2011_Jul_01_13-25-57,"coming bird arrived before, but exchange failed, so its not antirely new exchange; also based on the acoustic signal, it is unclear whether bird was really present"
4,cm,2011,s303,"0APV07T0, 0APV17V0",non,1,1,2011-Jun-30 18:55:02,n,n,m,y,n,,,0:25:29,NA,NA,2011-Jun-30 19:06:07,o,n,3,3,NA,NA,NA,0,0,NA,NA,NA,NA,NA,NA,NA,NA,NA,NA,NA,NA,NA,NA,NA,NA,NA,NA,n,,this non-exchange should have been on the 28th of Jun but there were no videos available on that date so I took the next possible date
5,cm,2011,s303,"0APVM7K0, 0APVN7M0",non,2,2,2011-Jul-01 01:01:40,n,n,f,y,n,,,0:17:14,NA,NA,NA,NA,n,0,0,NA,NA,NA,0,0,NA,NA,NA,NA,NA,NA,NA,NA,NA,NA,NA,NA,NA,NA,NA,NA,NA,NA,n,,
6,cm,2011,s303,0AQ174I0,non,3,3,2011-Jul-01 14:57:00,n,n,m,n,n,,,0:10:44,NA,NA,NA,NA,n,0,0,NA,NA,NA,0,0,NA,,,,,,,,,,,NA,NA,,,,,,,,
7,mb,2011,s304,"0AOBU0D0, 0AOBUGE0",ex,1,,2011-Jun-11 09:36:33,n,n,m,y,n,,,0:29:15,2011-Jun-11 10:05:48,NA,NA,NA,NA,NA,NA,NA,NA,NA,NA,NA,2011-Jun-11 10:06:19,w,f,n,n,0,0,0,2011-Jun-11 10:06:21,f,n,NA,516.65,0,n,1,2011-Jun-11 10:06:33,1,y,,"incubating bird was disturbed by us about 15 min before exchange, thus it first calls when it arrives back to the nest  2011-Jun-11 09:57:57 ; incubating bird sees the coming one and leaves; coming bird calls about 4 min after sitting as response to a bird that called nearby"
8,mb,2011,s304,0AOCSS60,ex,2,,2011-Jun-11 18:13:29,n,n,f,y,n,,,,2011-Jun-11 18:42:39,b,2011-Jun-11 18:42:39,c,n,NA,NA,0,1,NA,0,0,2011-Jun-11 18:42:41,f,b,n,n,0,0,0,2011-Jun-11 18:43:12,f,n,516.65,350.0166667,0,n,0,2011-Jun-11 18:43:29,0,n,,
9,cm,2011,s304,"0AODFG00, 0AODG020, 0AODGG20, 0AODH010, 0AODHG30",ex,3,,2011-Jun-12 00:03:37,n,n,m,y,n,,,,2011-Jun-12 00:33:20 ,v,NA,NA,NA,0,0,NA,NA,NA,0,0,2011-Jun-12 00:33:20,w,r,n,n,0,0,0,2011-Jun-12 00:33:30,f,y,350.0166667,484.3,1,n,0,2011-Jun-12 00:33:37,0,n,s304_2011_Jun_12_00-33-37,"incubating bird ""whistles"" for 28 seconds at 00:30:36 , the first call I noted is the one when the incubating bird left."
10,cm,2011,s304,"0AOEBJV0, 0AOEC420, 0AOECK50, 0AOED480,0AOEDK90",ex,4,4,2011-Jun-12 08:08:09,n,n,f,y,n,,,0:29:44,2011-Jun-12 08:37:53,v,2011-Jun-12 08:12:13,o,n,2,2,NA,NA,NA,0,0,2011-Jun-12 08:37:53,w,r,n,n,0,0,0,2011-Jun-12 08:37:55,f,n,484.3,513,0,n,0,2011-Jun-12 08:38:09,1,n,s304_2011_Jun_12_08-38-09,it's raining; a bird (maybe the female?) flew over close to the nest at 08:08:10 and 08:36:11
11,cm,2011,s304,"0AOGDF40, 0AOGDV70, 0AOGEFB0, 0AOGEVE0, 0AOGFFH0",ex,5,5,2011-Jun-13 02:50:56,n,n,f,y,n,,,0:29:01,2011-Jun-13 03:20:01,a,2011-Jun-13 03:20:01,c,y,2,0,1,1,NA,0,0,2011-Jun-13 03:20:41,f,r,y,n,3,0,2,2011-Jun-13 03:20:45,f,n,619.167,458.1333333,2,n,0,2011-Jun-13 03:21:00,1,n,s304_2011_Jun_13_03-21-00,bird flying over close to nest at 03:20:01 (female?)
12,cm,2011,s304,"video?, 0AOH9270, video?, 0AOHA2A0, 0AOHAIC0",ex,6,,2011-Jun-13 10:29:21,n,n,m,y,n,,,,2011-Jun-13 10:59:07,v,NA,NA,NA,0,0,NA,NA,NA,0,0,2011-Jun-13 10:59:07,w,b,n,n,0,3,3,2011-Jun-13 10:59:08,f,y,458.1333333,462.6333,1,n,0,2011-Jun-13 10:59:21,0,t,s304_2011_Jun_13_10-59-21,"there are several minutes of video missing, so there is no full record of 30 mintes before the exchange. I should have started at 10:29:08, but had to start at 10:34:47, and then there is a gap in the middle from 10:43:21 to 10:51:54; flying bord close nest at 10:51:56; sounds of vehicles in the back; first call is after the incoming bird arrrived"
13,cm,2011,s304,"0AOL5V00, 0AOL6F30, 0AOL6V60, 0AOL7F90, 0AOL7VC0",ex,7,6,2011-Jun-14 22:10:25,n,n,m,y,n,,,0:29:19,2011-Jun-14 22:39:44,a,2011-Jun-14 22:39:44,c,n,1,0,0,1,NA,0,0,2011-Jun-14 22:40:06,w,b,y,n,0,3,3,2011-Jun-14 22:40:14,f,n,624.25,707.5833333,2,n,3,2011-Jun-14 22:40:25,0,n,s304_2011_Jun_14_22-40-25,
14,cm,2011,s304,"0AOMFIU0, 0AOMG2R0, 0AOMGIP0, 0AOMH2J0, 0AOMHIK0",ex,8,7,2011-Jun-15 09:58:09,n,n,f,y,n,,,0:29:03,2011-Jun-15 10:27:12,v,2011-Jun-15 10:17:27,o,NA,3,3,NA,NA,NA,0,0,2011-Jun-15 10:27:12,f,l,n,n,0,0,0,2011-Jun-15 10:28:00,f,y,707.5833333,545.8833333,1,n,0,2011-Jun-15 10:28:09,1,n,s304_2011_Jun_15_10:28:09,"When the bird on nest called at 10:17:27 there is an answer, I guess it is the coming bird but you can't see it, as I'm not sure I scored the answer with a ?"
15,cm,2011,s304,"0AONF6G0, 0AONFMI0, 0AONGMO0, 0AONH6R0",ex,9,8,2011-Jun-15 19:04:25,n,n,m,y,n,,,0:29:52,2011-Jun-15 19:34:17,v,2011-Jun-15 19:06:31,o,n,8,8,NA,NA,2011-Jun-15 19:06:31,2,0:01:53,2011-Jun-15 19:34:17,w,b,n,n,0,0,0,2011-Jun-15 19:34:02,f,n,545.8833333,788.1166667,0,y,0,2011-Jun-15 19:34:25,0,n,s304_2011_Jun_15_19-34-25,"rain at the beginning; male leaves nest twice for some minutes/seconds: at 19:06:31 with calls coming back at 19:07:41, and at 19:10:17 not calling coming back at 19:11:00"
16,cm,2011,s304,"0AOOTKV0, 0AOOU4O0, 0AOOUKB0, 0AOOV4C0, 0AOOVKB0",ex,10,,2011-Jun-16 08:12:44,n,n,f,y,n,,,,2011-Jun-16 08:42:09,a,2011-Jun-16 08:19:57,o,n,6,6,0,constant,NA,0,0,2011-Jun-16 08:42:39,w,b,n,n,0,0,0,2011-Jun-16 08:42:32,f,n,788.1166667,570.7333,2,n,0,2011-Jun-16 08:42:44,0,n,s304_2011_Jun_16_08-42-44,
17,cm,2011,s304,"0AOPV9A0, 0AOPVA0,???, 0AOQ0PF0",ex,11,,2011-Jun-16 17:43:46,n,n,m,y,n,,,,2011-Jun-16 18:13:19,v,2011-Jun-16 17:47:48,o,n,1,1,NA,NA,NA,0,0,2011-Jun-16 18:13:19,f,l,n,n,1,1,1,2011-Jun-16 18:13:28,f,n,570.7333,735.9833333,0,n,0,2011-Jun-16 18:13:46,2,t,s304_2011_Jun_16_18-13-46,at 17:50:49 male on nest whistles. Video missing:time gap between 18:00:12-18:08:47
18,cm,2011,s304,"0AORA8O0, 0AORAOL0, 0AORB8F0, 0AORBOA0",ex,12,,2011-Jun-17 06:00:25,n,n,f,y,n,,,,2011-Jun-17 06:29:21,v,2011-Jun-17 06:12:40,o,n,9,9,NA,NA,NA,0,0,2011-Jun-17 06:30:19,w,f,n,n,0,0,0,2011-Jun-17 06:29:45 ,f,y,735.9833333,594.6,0,n,1,2011-Jun-17 06:30:25,0,n,s304_2011_Jun_17_06-30-25,"at 6:10:37 bird flew over nest, and at 6:12:53 again with calling and it seemed like the bird on nest answered; when bird on nest flew off the incoming bird followed and reappeared at 6:30:19 "
19,cm,2011,s304,"0AOSD9H0, 0AOSDPI0, 0AOSE9L0, 0AOSEPN0",ex,13,,2011-Jun-17 15:55:25,n,n,m,y,n,,,,2011-Jun-17 16:25:17,v,2011-Jun-17 16:22:13,o,NA,1,1,NA,NA,NA,0,0,2011-Jun-17 16:25:17,w,r,n,n,3,0,2,2011-Jun-17 16:25:01,f,y,594.6,790.8333333,0,y,3,2011-Jun-17 16:25:25,2,n,s304_2011_Jun_17_16-25-25,"there was a call near by the nest at 16:24:24 but I couldn't see the bird, it might be the incoming bird, though, therefore I noted ""no"" for leaving nest before presence "
20,cm,2011,s304,"0AOTRBE0, 0AOTRRH0, 0AOTSBJ0, 0AOTSRL0, 0AOTTBN0",ex,14,,2011-Jun-18 05:06:28,n,n,f,y,n,,,,2011-Jun-18 05:35:28,a,2011-Jun-18 05:20:58,o,NA,3,2,1,1,NA,0,0,2011-Jun-18 05:36:01,f,f,n,n,3,0,2,2011-Jun-18 05:36:15,f,n,790.8333333,533.75,1,n,0,2011-Jun-18 05:36:28,2,n,s304_2011_Jun_18_05-36-28,"additional data: 5:17:52 bird flyinh over; 5:20:54 call in the distance; 5:20:58 call on nest; 5:21:07 call in the distance; 5:21:12 call on nest; 5:21:24 call in the distance; 5:21:56 call in the distance, 5:22:00 bird flyinh over"
21,cm,2011,s304,"0AOUQJR0, 0AOUR3R0, 0AOURJT0, 0AOUS3K0, 0AOUSJ60",ex,15,,2011-Jun-18 14:00:28,n,n,m,y,n,,,,2011-Jun-18 14:30:08,v,2011-Jun-18 14:25:43,o,NA,1,1,NA,NA,NA,0,0,2011-Jun-18 14:30:08,w,b,n,n,1,0,1,2011-Jun-18 14:30:13,f,y,533.75,870.1666667,1,n,0,2011-Jun-18 14:30:28,2,n,s304_2011_Jun_18_14-30-28,laute Motorengeraeusche im Hintergrund; additional data: several calls in the distance before the first call on the nest
22,cm,2011,s304,"0AP0DP00, 0AP0E8A0, 0AP0ENL0, 0AP0F700, 0AP0FMA0",ex,16,,2011-Jun-19 04:30:49,n,n,f,y,n,,,,2011-Jun-19 05:00:26,v,2011-Jun-19 04:46:24,o,NA,8,8,NA,NA,NA,0,0,2011-Jun-19 05:00:26,f,l,n,n,0,0,0,2011-Jun-19 05:00:38,f,n,870.1666667,707.6833,1,n,3,2011-Jun-19 05:00:49,2,n,s304_2011_Jun_19_05-00-49,at five  times there were calls in the distance and the bird on nest called right after that.
23,cm,2011,s304,"0AP1NE30, 0AP1NU10, 0AP1OE10, 0AP1OU00",ex,17,,2011-Jun-19 16:18:42,n,n,m,y,n,,,,2011-Jun-19 16:48:17,v,2011-Jun-19 16:19:19,o,n,2,2,NA,NA,NA,0,0,2011-Jun-19 16:48:17,w,f,n,n,3,0,2,2011-Jun-19 16:48:30,f,y,707.6833,842.8833333,1,n,1,2011-Jun-19 16:48:42,2,n,s304_2011_Jun_19_16-48-42,
24,cm,2011,s304,"0AP3A240, 0AP3AHE0",ex,18,,2011-Jun-20 06:21:54,n,n,f,y,n,,,,2011-Jun-20 06:51:19,b,2011-Jun-20 06:47:53,o,NA,1,1,NA,NA,NA,0,0,2011-Jun-20 06:51:19,f,f,y,n,0,0,0,2011-Jun-20 06:51:35,f,n,842.8833333,763.7333333,0,n,2,2011-Jun-20 06:51:54,1,t,s304_2011_Jun_20_06-51-54,"videos start at 6:42:13, around 21 minutes of film is missing, so we have only about 9 minutes instead of 30 minutes."
25,cm,2011,s304,"0AP4LGJ0, 0AP4M0M0, 0AP4MGO0, 0AP4N0Q0, 0AP4NGT0",ex,19,,2011-Jun-20 19:05:47,n,n,m,y,n,,,,2011-Jun-20 19:35:23,v,2011-Jun-20 19:35:33,o,y,2,2,NA,NA,NA,0,0,2011-Jun-20 19:35:23,w,f,n,n,1,1,1,2011-Jun-20 19:35:38,f,n,763.7333333,728.2,1,n,3,2011-Jun-20 19:35:47,2,n,s304_2011_Jun_20_19-35-47,there is a short call in the background and the bird on nest whistles 4 seconds later (19:29:03)
26,cm,2011,s304,"0AP60LI0, 0AP61K90",ex,20,,2011-Jun-21 07:14:00,n,n,f,y,n,,,,2011-Jun-21 07:43:22,v,2011-Jun-21 07:37:02,o,NA,3,3,NA,NA,NA,0,0,2011-Jun-21 07:43:22,w,f,y,y,3,3,3,2011-Jun-21 07:43:59,wf,n,728.2,766.5,3,n,3,2011-Jun-21 07:44:04,2,t,s304_2011_Jun_21_07-44-04,"there are about 16 minutes of video missing, between 7:13:59 and 7:20:18, and again between 7:26:42 and 7:36:41. there are calls in the distance it seems the bird on nest replies to, so I put a ? at reply first call. The incoming bird seems to have to push the incubating bird off the nest."
27,cm,2011,s304,"0AODNGV0, 0AODO130, 0AODOH60, 0AODP190",non,1,4,2011-Jun-12 02:17:03,n,n,f,y,n,,,0:29:44,NA,NA,NA,NA,NA,0,0,NA,NA,NA,0,0,NA,,,,,,,,,,,NA,NA,,,,,,,,
28,cm,2011,s304,"0AOGQGL0, 0AOGR0O0, 0AOGRGQ0, 0AOGS0S0",non,2,5,2011-Jun-13 06:26:30,n,n,m,y,n,,,0:29:01,NA,NA,2011-Jun-13 06:32:40,o,n,2,2,NA,NA,NA,0,0,NA,,,,,,,,,,,NA,NA,,,,,,,,"at the first call (06:32:40) there maybe an answer in the distance, and at the second call (06:40:15) the incuabting bird seems to answer a call that came before from the distance"
29,cm,2011,s304,"0AOKFQM0, 0AOKGAQ0, 0AOKGQU0, 0AOKHB30",non,3,6,2011-Jun-14 15:48:38,n,n,m,y,n,,,0:29:19,NA,NA,2011-Jun-14 16:06:15,o,n,2,2,NA,NA,NA,0,0,NA,,,,,,,,,,,NA,NA,,,,,,,,both calls followed a call in the distance
30,cm,2011,s304,"0AOLH0G0, 0AOLHGI0, 0AOLI0J0, 0AOLIGM0",non,4,7,2011-Jun-15 01:14:57,n,n,f,y,n,,,0:29:03,NA,NA,NA,NA,NA,0,0,NA,NA,NA,0,0,NA,,,,,,,,,,,NA,NA,,,,,,,,
31,cm,2011,s304,"0AONJN80, 0AONK7B0, 0AONKNE0, 0AONL7H0",non,5,8,2011-Jun-15 21:56:30,n,n,f,y,n,,,0:29:52,NA,NA,2011-Jun-15 22:25:00,o,n,2,2,NA,NA,NA,0,0,NA,,,,,,,,,,,NA,NA,,,,,,,,it may be that the bird repliedto a call in the distance
32,cm,2011,s703,"0AOVE420, 0AOVF3V0, 0AOVG3U0, 0AOVG3U0, 0AOVGCN0",ex,1,,2011-Jun-18 19:35:58,n,n,m,n,n,,,,2011-Jun-18 20:05:08,v,2011-Jun-18 19:39:17,o,n,5,5,NA,NA,NA,0,0,2011-Jun-18 20:05:08,w,b,n,n,0,0,0,2011-Jun-18 20:04:34,wf,n,NA,640.0666667,0,y,0,2011-Jun-18 20:05:58,0,n ,s703_2011_Jun_19_20-35-28,"I'm not that sure about the sound, maybe it's very quiet?"
33,mb,2011,s703,"0AP0JD90, 0AP0KDC0, 0AP0LDG0; 0AP0LU10",ex,2,9,2011-Jun-19 06:16:06,n,n,m,y,n,,,0:29:46,2011-Jun-19 06:45:52,v,2011-Jun-19 06:22:41,o,n,1,1,NA,NA,NA,0,0,2011-Jun-19 06:45:52,w,l,n,n,2,0,2,2011-Jun-19 06:46:02,f,n,640.0666667,700.9667,3,n,3,2011-Jun-19 06:46:06,0,n,s703_2011_Jun_19_06-46-06,coming bird pushed incubating one off the nest
34,cm,2011,s703,"0AP1SGL0, 0AP1TGB0, 0AP1UG40, 0AP1V290",ex,3,10,2011-Jun-19 17:57:50,n,n,f,n,n,,,0:29:27,2011-Jun-19 18:27:17,v,2011-Jun-19 18:04:38,o,n,4,4,NA,NA,2011-Jun-19 18:02:21,1,0:02:47,2011-Jun-19 18:27:17,f,b,n,n,0,0,0,2011-Jun-19 18:27:04,wf,n,700.9667,616.9,0,y,1,2011-Jun-19 18:27:50,1,n,s703_2011_Jun_19-18-27-50,"sound is not sufficient, incubating bird left once for 2.47 minutes, there's also another bird at 18:04:39 in the left corner of camera only the wing visible"
35,cm,2011,s703,"0AP312G0, 0AP322K0, 0AP332P0, 0AP336M0",ex,4,11,2011-Jun-20 04:14:53,n,n,m,n,n,,,0:29:42,2011-Jun-20 04:44:35,v,2011-Jun-20 04:28:50,o,n,1,1,NA,NA,NA,0,0,2011-Jun-20 04:44:35,w,l,n,n,0,0,0,2011-Jun-20 04:44:44,f,n,616.9,844.75,2,n,3,2011-Jun-20 04:44:53,0,t,s703_2011_Jun_20-04-44-53,"the sun shines directly into the camera, no good sight on the area"
36,cm,2011,s703,"0AP4IMQ0, 0AP4JMT0, 0AP4KMV0, 0AP4KP60",ex,5,12,2011-Jun-20 18:21:02,n,n,f,n,n,,,0:28:37,2011-Jun-20 18:49:39,a,2011-Jun-20 18:44:26,o,n,5,5,0,4,NA,0,0,2011-Jun-20 18:50:48,w,r,n,n,0,0,0,2011-Jun-20 18:49:38,f,n,844.75,716.05,0,y,0,2011-Jun-20 18:51:02,2,n,s703_2011_Jun_20_18-51-02,call intensity c3: bird called a lot when another  bird flew over nest
37,cm,2011,s703,"0AP5SQF0, 0AP5TQL0, 0AP5UNS0",ex,6,13,2011-Jun-21 06:17:05,n,n,m,n,n,,,0:29:12,2011-Jun-21 06:46:17,a,2011-Jun-21 06:32:27,o,n,2,1,0,1,2011-Jun-21 06:31:02,1,0:01:40,2011-Jun-21 06:46:54,w,b,y,y,3,3,3,2011-Jun-21 06:47:05,f,n,716.05,847.167,3,n,0,2011-Jun-21 06:47:05,0,t,s703_2011_Jun_21_06-47-05,"sun right in front of camera, therefore bad visibility. Sound very low, I hope I can ear all calls. Bird on nest left once for 1:40 minutes at 6:31:02. Bird on nest was basically pushed away from nest by incoming bird."
38,cm,2011,s703,"0AP1BL30, 0AP1CKS0",non,1,9,2011-Jun-19 12:57:10,n,n,f,y,n,,,0:29:46,NA,NA,NA,NA,NA,0,0,NA,NA,2011-Jun-19 13:08:16,2,0:03:15,NA,,,,,,,,,,,NA,NA,,,,,,,,did not call when fly off or returned
39,cm,2011,s703,"0AP2A120, 0AP2B0S0",non,2,10,2011-Jun-19 21:35:33,n,n,m,y,n,,,0:29:27,NA,NA,NA,NA,NA,0,0,NA,NA,NA,0,0,NA,,,,,,,,,,,NA,NA,,,,,,,,
40,cm,2011,s703,"0AP4CMF0, 0AP4DMH0",non,3,11,2011-Jun-20 16:33:19,n,n,f,y,n,,,0:29:42,NA,NA,NA,NA,NA,0,0,NA,NA,NA,0,0,NA,,,,,,,,,,,NA,NA,,,,,,,,
41,cm,2011,s703,"0AP4ROJ0, 0AP4SOJ0",non,4,12,2011-Jun-20 20:50:27,n,n,m,y,n,,,0:28:37,NA,NA,NA,NA,NA,0,0,NA,NA,NA,0,0,NA,,,,,,,,,,,NA,NA,,,,,,,,
42,cm,2011,s703,"0AP58Nu0, 0AP59O10",non,5,13,2011-Jun-21 00:32:04,n,n,m,y,n,,,0:29:12,NA,NA,NA,NA,NA,0,0,NA,NA,NA,0,0,NA,,,,,,,,,,,NA,NA,,,,,,,,
43,cm,2011,s302,"0AOV9A60, 0AOVAA20, 0AOVB9T0",ex,1,14,2011-Jun-18 18:12:37,n,n,m,y,n,,,0:29:30,2011-Jun-18 18:42:07,b,2011-Jun-18 18:21:55,o,n,4,4,NA,NA,2011-Jun-18 18:20:37,1,0:01:27,2011-Jun-18 18:42:07,f,l,y,y,2,2,2,2011-Jun-18 18:42:19,f,n,654.333,795.583,1,n,2,2011-Jun-18 18:42:37,NA,t,s302_2011_Jun_18_18-42-37,there are no 5 minutes of video after the incoming bird is on nest. Bird on nest left once for 2 minutes at 18:20:37
44,cm,2011,s302,"0AOV5AR0, 0AOV6AM0",non,1,14,2011-Jun-18 16:57:00,n,n,m,y,n,,,0:29:30,NA,NA,2011-Jun-18 17:02:45,o,n ,2,2,NA,NA,2011-Jun-18 17:10:41,1,0:03:02,NA,,,,,,,,,,,NA,NA,,,,,,,,"fieldworkers were close to nest that's why the bird probably flew off, the fly off shouldn't count therefore, I also did not count the calls the bird made when it returned to the nest."
45,cm,2011,s302,"0AP1KSM0, 0AP1LSJ0",non,2,,2011-Jun-19 15:34:53,n,n,m,y,n,,,0:29:46,NA,NA,NA,NA,NA,0,0,NA,NA,NA,0,0,,,,,,,,,,,,NA,NA,,,,,,,,
46,cm,2011,s302,"0AP1VRS0, 0AP3I2R0, 0AP3J2G0",non,3,,,n,n,m,y,n,,,0:29:46,NA,NA,NA,NA,NA,NA,NA,NA,NA,2011-Jun-20 09:14:20,1,0:01:16,,,,,,,,,,,,NA,NA,,,,,,,s302_2011_Jun_19_09-15-36,"This was previously scored as an exchange, but actually was a fly-off. The actual exchange happened shortly before start of observation around 09:00. Careful when analyzing, could be biased due to close exchange."
47,cm,2011,s513,"0APU8SU0, 0APU9CC0, 0APU9RO0, 0APUAB80",ex,1,16,2011-Jun-30 12:07:45,n,n,f,n,n,2011-Jun-30 12:40:32,2011-Jun-30 12:37:45,0:19:36,2011-Jun-30 12:37:21,v,2011-Jun-30 12:19:08,o,n,6,6,NA,NA,NA,0,0,2011-Jun-30 12:37:21,w,r,n,n,1,0,1,2011-Jun-30 12:36:24,wf,n,716.333,744.917,0,y,1,2011-Jun-30 12:37:45,NA,t,s513_2011_Jun_30_12-37-45,"very loud noise of camera or microphone, bad sound, not sure whether I could hear calls after ""on_nest"""
48,cm,2011,s513,"0APUE6B0, 0APUELK0, 0APUF530",non,1,16,2011-Jun-30 13:38:21,n,n,m,n,n,2011-Jun-30 12:40:32,2011-Jun-30 12:37:45,0:19:36,NA,NA,NA,NA,NA,NA,NA,NA,NA,2011-Jun-30 13:55:39,1,0:01:16,NA,,,,,,,,,,,NA,NA,,,,,,,,
49,cm,2011,s710,"0APPHLI0, 0APPI590, 0APPIKV0, 0APPJ4L0, 0APPJKC0",non,1,,,n,n,m,y,n,,,0:28:43,,,2011-Jun-28 17:41:08,o,y,12,,,,NA,0,0,2011-Jun-28 17:42:04,w,l,y,y,3,3,3,2011-Jun-28 17:42:55,w,y,NA,NA,,n,3,2011-Jun-28 17:42:32,2,y,s710_2011_Jun_28_17-42-32,"call_how_many: maybe more than 12, it was a constant calling, very windy. there is no birs on nest between 17:12:17 (start of video) and 17:20:23. Both birds (incoming and on-nest) leave nest shortly inbetween for feeding right next to nestsite. Incoming bird sits next to bird on nest, so they are both on nest together. Bird on nest leaves nest but stays close for some seconds, then flys away."
50,cm,2011,s710,"0APPRQK0, 0APPS9V0, 0APPSP80, 0APPT8I0",non,2,,2011-Jun-28 20:00:22,n,n,f,y,n,,,0:28:43,NA,NA,2011-Jun-28 20:03:47,o,n,2,,,,NA,0,0,,,,,,,,,,,,NA,NA,,,,,,,,
51,cm,2012,s313,"0BNT9LV0, 0BNTALG0, 0BNTBL50",ex,1,18,2012-Jun-28 05:32:36,n,y,f,y,n,,,0:28:39,2012-Jun-28 06:01:15,a,2012-Jun-28 06:01:15,c,n,1,0,0,1,NA,0,0,2012-Jun-28 06:01:46,f,r,y,y,3,3,3,2012-Jun-28 06:02:18,f,n,694.083,1029.466667,2,n,2,2012-Jun-28 06:02:36,0,n,s313_2012_Jun_28_06-02-36,Nest sehr schlecht sichtbar
52,cm,2012,s313,"0BNV6AS0, 0BNV7B00, 0BNV8B10",ex,2,19,2012-Jun-28 22:45:00,n,y,m,y,n,,,0:29:52,2012-Jun-28 23:14:52,v,NA,NA,NA,0,0,NA,NA,NA,0,0,2012-Jun-28 23:14:52,w,l,n,n,0,0,0,2012-Jun-28 23:12:14,wf,n,1029.466667,601.583,0,y,0,2012-Jun-28 23:15:00,0,n,s313_2012_Jun_28_23-15-00,
53,cm,2012,s313,"0BNU6QM0, 0BNU7Q50",non,1,19,2012-Jun-28 13:40:40,n,y,m,y,n,,,0:29:52,NA,NA,NA,NA,NA,0,0,NA,NA,NA,0,0,,,,,,,,,,,,NA,NA,,,,,,,,
54,cm,2012,s313,"0BNUTA70, 0BNUUA90",non,2,18,2012-Jun-28 20:04:25,n,y,m,y,n,,,0:28:39,NA,NA,2012-Jun-28 20:20:05,o,n,1,1,NA,NA,NA,0,0,,,,,,,,,,,,NA,NA,,,,,,,,
55,cm,2012,s314,"0BNSJ1C0, 0BNSJHC0, 0BNSK1B0, 0BNSKHC0, 0BNSL1A0",ex,1,20,2012-Jun-27 23:05:44,n,y,f,y,n,,,0:29:44,2012-Jun-27 23:35:28,v,2012-Jun-27 23:22:16,o,n,2,2,NA,NA,NA,0,0,2012-Jun-27 23:35:28,w,r,n,n,0,0,0,2012-Jun-27 23:35:41,w,n,NA,756.7667,0,n,0,2012-Jun-27 23:35:44,0,n,s314_2012_Jun_27_23-35-44,
56,cm,2012,s314,"0BNQBVL0, 0BNQCFM0, 0BNQCVO0, 0BNQDFP0",non,1,20,2012-Jun-28 00:05:00,n,y,m,y,n,,,0:29:44,NA,NA,NA,NA,NA,0,0,NA,NA,NA,0,0,,,,,,,,,,,,NA,NA,,,,,,,,
57,cm,2012,s403,"0BMKVDM0, 0BMKVTM0, 0BML0DL0, 0BML0TK0, 0BML1DI0",ex,1,21,2012-Jun-12 22:29:03,n,y,m,y,n,,,0:28:09,2012-Jun-12 22:57:12,v,NA,NA,NA,0,0,NA,NA,NA,0,0,2012-Jun-12 22:57:12,w,r,n,n,0,0,0,2012-Jun-12 22:58:44,wf,n,NA,552.6833,0,n,0,2012-Jun-12 22:59:03,0,n,s403_2012_Jun_12_22-59-03,
58,cm,2012,s403,"0BMLVT90, 0BMM0D90, 0BMM0T90, 0BMM1D90",ex,2,22,2012-Jun-13 07:41:46,n,y,f,y,n,,,0:29:20,2012-Jun-13 08:11:06,a,2012-Jun-13 07:52:02,o,n,4,3,1,1,NA,0,0,2012-Jun-13 08:11:25,w,l,y,y,3,3,3,2012-Jun-13 08:11:44,wf,y,552.6833333,NA,3,n,3,2012-Jun-13 08:11:46,2,n,s403_2012_Jun_13_08-11-46,at  first call: there was abird calling before and after the incuabting bird called but far in the distance
59,cm,2012,s403,"0BMNERQ0, 0BMNFBQ0, 0BMNFRQ0, 0BMNGBQ0, 0BMNGRR0",ex,3,23,2012-Jun-13 21:03:15,n,y,m,y,n,,,0:28:00,2012-Jun-13 21:31:15,a,2012-Jun-13 21:29:04,o,n,6,1,NA,5,NA,0,0,2012-Jun-13 21:33:04,w,l,y,n,0,0,0,2012-Jun-13 21:31:09,wf,y,NA,NA,0,NA,2,2012-Jun-13 21:33:15,2,n,s403_2012_Jun_13_21-33-15,6seconds after the incubating bird flew off I heard the first call of new bird but it seems to be it has been there before
60,cm,2012,s403,"0BMOJ9H0, 0BMOJPE0, 0BMOK9A0, 0BMOKP50, 0BMOL940",ex,4,24,2012-Jun-14 07:23:45,n,y,f,y,n,,,0:29:39,2012-Jun-14 07:53:24,v,2012-Jun-14 07:53:30,c,n,NA,NA,NA,NA,NA,0,0,2012-Jun-14 07:53:24,w,l,n,n,3,0,3,2012-Jun-14 07:53:33,wf,n,NA,705.7667,3,n,2,2012-Jun-14 07:53:45,0,n,s403_2012_Jun_14_07-53-45,"incoming bird called so long until incubating bird left,it was like it didn't want to leave"
61,cm,2012,s403,"0BMPSLV0, 0BMPT5U0, 0BMPTLU0, 0BMPU5T0",ex,5,25,2012-Jun-14 19:09:49,n,y,m,n,n,,,0:29:31,2012-Jun-14 19:39:20,v,2012-Jun-14 19:39:27,c,n,NA,NA,NA,NA,NA,0,0,2012-Jun-14 19:39:20,w,r,n,n,3,0,2,2012-Jun-14 19:39:31,wf,n,705.7667,NA,2,n,2,2012-Jun-14 19:39:49,0,n,s403_2012_Jun_14_19-39-49,camera makes a lot of noise
62,cm,2012,s403,"0BMSGT90, 0BMSHD90",ex,6,,2012-Jun-15 18:40:59,n,y,m,y,n,,,,2012-Jun-15 19:10:18,v,NA,NA,NA,NA,NA,NA,NA,NA,NA,NA,2012-Jun-15 19:10:18,w,r,n,n,3,0,2,2012-Jun-15 19:10:41,wf,n,NA,NA,2,n,1,2012-Jun-15 19:10:59,0,t,s403_2012_Jun_15_19-10-59,"video available from 19:04:10 onwards, so there are only 00:06:49 minutes of observation; also, the incubating bird arrives sometime in these 6 minutes, it had left before, so call andfly-offs are NA"
63,cm,2012,s403,"0BMV6L90, 0BMV75A0, 0BMV7LB0, 0BMV85B0",ex,7,,2012-Jun-16 19:29:15,n,y,m,y,n,,,,2012-Jun-16 19:58:48,a,2012-Jun-16 19:58:48,c,n,1,0,0,1,NA,0,0,2012-Jun-16 19:59:00,w,l,y,n,2,0,3,2012-Jun-16 19:58:53,wf,n,NA,698.5,1,n,3,2012-Jun-16 19:59:15,0,n,s403_2012_Jun_16_19-59-15,
64,cm,2012,s403,"0BN0FKM0, 0BN0G4L0, 0BN0GKJ0, 0BN0H4J0, 0BN0HKI0",ex,8,,2012-Jun-17 07:08:00,n,y,f,y,n,,,,2012-Jun-17 07:37:34,v,2012-Jun-17 07:34:40,c,n,NA,NA,NA,NA,NA,0,0,2012-Jun-17 07:37:34,w,r,n,n,3,0,3,2012-Jun-17 07:37:45,wf,n,698.5,751.9833,2,n,2,2012-Jun-17 07:38:00,0,n,s403_2012_Jun_17_07-38-00,
65,cm,2012,s403,"0BMKSTS0, 0BMKTDQ0, 0BMKTTO0, 0BMKUDO0",non,1,21,2012-Jun-12 21:40:13,n,y,m,y,n,,,0:28:09,NA,NA,NA,NA,NA,0,0,NA,NA,NA,0,0,,,,,,,,,,,,NA,NA,,,,,,,,
66,cm,2012,s403,"0BMLHDC0, 0BMLHTB0, 0BMLIDA0, 0BMLITA0",non,2,22,2012-Jun-13 03:30:00,n,y,f,y,n,,,0:29:20,NA,NA,2012-Jun-13 03:34:13,o,n,1,1,NA,NA,NA,0,0,,,,,,,,,,,,NA,NA,,,,,,,,
67,cm,2012,s403,"0BMM7T40, 0BMM8D40, 0BMM8T30, 0BMM9D20",non,3,23,2012-Jun-13 09:54:00,n,y,m,y,n,,,0:28:00,NA,NA,NA,NA,NA,0,0,NA,NA,NA,0,0,,,,,,,,,,,,NA,NA,,,,,,,,
68,cm,2012,s403,"0BMOROI0, 0BMOS8G0, 0BMOSOF0, 0BMOT8D0",non,4,24,2012-Jun-14 09:45:00,n,y,m,y,n,,,0:29:39,NA,NA,NA,NA,NA,0,0,NA,NA,NA,0,0,,,,,,,,,,,,NA,NA,,,,,,,,
69,cm,2012,s403,"0BMQ45N0, 0BMQ4LM0, 0BMQ5SL0, 0BMQ5LJ0",non,5,25,2012-Jun-14 21:15:00,n,y,f,n,n,,,0:29:31,NA,NA,NA,NA,NA,0,0,NA,NA,NA,0,0,,,,,,,,,,,,NA,NA,,,,,,,,camera very loud
70,cm,2012,s502,"0008T9L0, 0008U9S0",ex,1,26,2000-Jan-04 09:11:17,n,y,f,y,vfa,2012-Jun-14 09:25:58,2000-Jan-04 22:02:03,0:20:37,2000-Jan-04 09:31:54,v,2000-Jan-04 09:24:59 ,o,n,7,7,NA,NA,NA,0,0,2000-Jan-04 09:40:44,w,f,n,n,NA,NA,1,2000-Jan-04 09:32:55,f,n,NA,539.7,0,n,1,2000-Jan-04 09:41:17,0,t,s502_2012_Jun_13_09-41-17,"time and date of video were wrong, date has been changed already but time not; incubating bird was gone for around 5 minutes when observation started nest was empty"
71,cm,2012,s502,"0009SFE0, 0009TFL0, 0009UFQ0",ex,2,27,2000-Jan-04 18:31:05,n,n,m,y,vfa,2012-Jun-14 09:25:58,2000-Jan-04 22:02:03,0:29:14,2000-Jan-04 18:40:19,v,2000-Jan-04 18:34:21,o,n,1,1,NA,NA,2000-Jan-04 18:34:21,1,0:05:26,2000-Jan-04 18:40:19,w,r,n,n,0,0,0,2000-Jan-04 18:40:59,f,n,539.7,814.6666667,2,n,0,2000-Jan-04 18:41:05,0,t,s502_2012_Jun_14_18-41-05,incubating bird left at 18:34:21 and came back some minuts later but that couldm't be seen. Probably because the sun is right in front of camera
72,cm,2012,s502,"000BCA20, 000BDA30, 000BEA50",ex,3,28,2000-Jan-05 07:46:15,n,y,f,y,vfa,2012-Jun-14 09:25:58,2000-Jan-04 22:02:03,0:29:26,2000-Jan-05 08:15:41,a,2000-Jan-05 07:50:32,o,n,7,6,1,0,NA,0,0,2000-Jan-05 08:15:58,w,l,n,n,0,0,0,2000-Jan-05 08:15:45,f,n,814.6666667,644.3333333,0,n,0,2000-Jan-05 08:16:15,0,t,s502_2012_Jun_14_08-16-15,
73,cm,2012,s502,"000CIBV0, 000CJC40",ex,4,29,2000-Jan-05 18:30:37,n,n,m,y,vfa,2012-Jun-14 09:25:58,2000-Jan-04 22:02:03,0:29:41,2000-Jan-05 19:00:18,a,2000-Jan-05 19:00:18,c,n,1,0,0,1,NA,0,0,2000-Jan-05 19:00:22,w,r,y,n,NA,NA,3,2000-Jan-05 19:00:35,f,y,644.3333333,801.0666667,0,n,0,2000-Jan-05 19:00:37,0,t,s502_2012_Jun_15_19-00-37,"There is a third bird walking to the nest, it follows the incoming bird right to the nest but is scared away by the incubating bird (19:00:28) "
74,cm,2012,s502,"000E10A0, 000E20C0, 000E30G0",ex,5,,2000-Jan-06 07:51:52,n,y,f,y,vfa,2012-Jun-14 09:25:58,2000-Jan-04 22:02:03,,2000-Jan-06 08:20:03,a,2000-Jan-06 08:06:31,o,n,13,11,1,1,NA,0,0,2000-Jan-06 08:20:41,w,r,y,n,NA,NA,2,2000-Jan-06 08:21:41,wf,n,801.0666667,582.7333333,2,n,1,2000-Jan-06 08:21:52,0,t,s502_2012_Jun_15_08-21-52,. And the third bird is there again being scared away by the incoming bird (08:20:41)
75,cm,2012,s502,"000F32S0, 000F42U0, 000F5310",ex,6,30,2000-Jan-06 17:34:40,n,n,m,y,vfa,2012-Jun-14 09:25:58,2000-Jan-04 22:02:03,0:29:25,2000-Jan-06 18:04:05,v,2000-Jan-06 17:53:41,o,n,2,2,NA,NA,2000-Jan-06 17:53:46,1,0:03:23,2000-Jan-06 18:04:05,w,r,n,n,0,0,0,2000-Jan-06 18:04:36,w,n,582.7333333,860.917,1,n,0,2000-Jan-06 18:04:40,0,t,s502_2012_Jun_16_18-04-40,
76,cm,2012,s502,"0008M8P0, 0008N8T0",non,1,26,2000-Jan-04 07:09:16,n,y,f,y,vfa,2012-Jun-14 09:25:58,2000-Jan-04 22:02:03,0:21:06,NA,NA,2000-Jan-04 07:11:18,o,n,1,1,NA,NA,NA,0,0,,,,,,,,,,,,NA,NA,,,,,,,,"there is a bird on the nest and it calls, but on the actogram it says at 18:00 or 18:30 there is no bird so I guess the calculation of the time is wrong…"
77,cm,2012,s502,"0009FD70, 0009GDG0",non,2,27,2000-Jan-04 14:18:16,n,y,m,y,vfa,2012-Jun-14 09:25:58,2000-Jan-04 22:02:03,0:29:14,NA,NA,NA,NA,NA,0,0,NA,NA,NA,0,0,,,,,,,,,,,,NA,NA,,,,,,,,
78,cm,2012,s502,"000BT9P0, 000BU9U0",non,3,28,2000-Jan-05 12:27:40,n,y,m,y,vfa,2012-Jun-14 09:25:58,2000-Jan-04 22:02:03,0:29:26,NA,NA,NA,NA,NA,0,0,NA,NA,NA,0,0,,,,,,,,,,,,NA,NA,,,,,,,,
79,cm,2012,s502,"000CAB20, 000CBB50",non,4,29,2000-Jan-05 16:10:18,n,y,m,y,vfa,2012-Jun-14 09:25:58,2000-Jan-04 22:02:03,0:29:41,NA,NA,NA,NA,NA,0,0,NA,NA,NA,0,0,,,,,,,,,,,,NA,NA,,,,,,,,
80,cm,2012,s502,"000ECVV0, 000EE020",non,5,30,2000-Jan-06 11:07:50,n,y,m,y,vfa,2012-Jun-14 09:25:58,2000-Jan-04 22:02:03,0:29:25,NA,NA,NA,NA,NA,0,0,NA,NA,NA,0,0,,,,,,,,,,,,NA,NA,,,,,,,,
81,cm,2012,s506,"0BN6T290, 0BN6UOI0, 0BN6UUQ0",ex,1,31,2012-Jun-19 17:35:28,n,y,m,y,y,,,0:27:01,2012-Jun-19 18:02:29,v,2012-Jun-19 17:35:16,o,n,3,3,0,0,2012-Jun-19 17:35:28,1,0:00:32,2012-Jun-19 18:02:30,w,f,n,n,3,0,2,2012-Jun-19 18:03:02,wf,n,564.833,665.8166667,0,n,1,2012-Jun-19 18:05:28,2,y,s506_2012_Jun_19_18-05-28,"sehr windig; it is unclear who comes and goes, there is a lot of ""walking around"", after the coming bird is on the nest he leaves again and again for seconds/minutes, then it carries one egg shell after the other out of the nest, so the chicks have hatched? (from 18:05:28 onwards). Do we know when they have hatched? Yes, an egg didn't hatch and dried out and they carry the eggshells away."
82,cm,2012,s506,"0BN83GR0, 0BN84GN0, 0BN85GF0, 0BN86FR0",ex,2,32,2012-Jun-20 04:48:23,n,y,f,y,y,,,0:29:43,2012-Jun-20 05:18:06,v,2012-Jun-20 05:10:36,o,n,1,1,NA,NA,NA,0,0,2012-Jun-20 05:18:06,w,f,n,n,0,0,0,2012-Jun-20 05:11:17,w,n,665.8166667,365.25,0,y,0,2012-Jun-20 05:18:23,2,t,s506_2012_Jun_20_05-18-23,nest is heated
83,cm,2012,s506,"0BN8Q5M0, 0BN8R470",ex,3,33,2012-Jun-20 10:53:20,n,y,m,y,y,,,0:28:49,2012-Jun-20 11:22:39,v,2012-Jun-20 11:03:10,o,n,6,6,0,0,NA,0,0,2012-Jun-20 11:22:51,w,f,n,n,NA,NA,3,2012-Jun-20 11:23:38,w,n,365.25,427.1333333,3,n,2,2012-Jun-20 11:23:50,0,t,s506_2012_Jun_20_11-23-50,nest is heated
84,cm,2012,s506,"0BN9IRK0, 0BN9JPV0, 0BN9KOF0",ex,4,34,2012-Jun-20 18:01:18,n,y,f,y,y,,,0:29:30,2012-Jun-20 18:30:48,a,2012-Jun-20 18:07:34,o,n,4,4,0,0,2012-Jun-20 18:08:13,1,0:01:26,2012-Jun-20 18:30:56,w,f,n,n,0,0,0,2012-Jun-20 18:30:58,w,n,427.1333333,660.3,0,n,0,2012-Jun-20 18:31:18,0,t,s506_2012_Jun_20_18-31-18,nest is heated
85,cm,2012,s506,"0BNAP980, 0BNAQ8T0, 0BNAR8T0 ",ex,5,35,2012-Jun-21 05:01:46,n,y,m,y,y,,,0:28:55,2012-Jun-21 05:30:41,v,2012-Jun-21 05:02:20,o,n,4,4,NA,NA,NA,0,0,2012-Jun-21 05:30:54,w,f,n,n,3,0,3,2012-Jun-21 05:31:36,wf,n,660.3,575.583,3,n,3,2012-Jun-21 05:31:46,0,t,s506_2012_Jun_21_05-31-46,nest is heated
86,cm,2012,s506,"0BN6ND40, 0BN6OB90",non,1,31,2012-Jun-19 15:56:20,n,y,m,y,y,,,0:27:01,NA,NA,NA,NA,NA,0,0,NA,NA,NA,0,0,,,,,,,,,,,,NA,NA,,,,,,,,
87,cm,2012,s506,"0BN7UIB0, 0BN7VHS0",non,2,32,2012-Jun-20 03:04:45,n,y,f,y,y,,,0:29:43,NA,NA,NA,NA,NA,0,0,NA,NA,NA,0,0,,,,,,,,,,,,NA,NA,,,,,,,,
88,cm,2012,s506,"0BN89EU0, 0BN8AF10",non,3,33,2012-Jun-20 06:18:26,n,y,m,y,y,,,0:28:49,NA,NA,2012-Jun-20 06:18:26,o,n,1,1,NA,NA,NA,0,0,,,,,,,,,,,,NA,NA,,,,,,,,
89,cm,2012,s506,"0BNA4SU0, 0BNA5RE0",non,4,34,2012-Jun-20 23:05:04,n,y,m,y,y,,,0:29:30,NA,NA,NA,NA,NA,0,0,NA,NA,NA,0,0,,,,,,,,,,,,NA,NA,,,,,,,,
90,cm,2012,s506,"0BNB79A0, 0BNB8870",non,5,35,2012-Jun-21 08:51:59,n,y,f,y,y,,,0:28:55,NA,NA,NA,NA,NA,0,0,NA,NA,NA,0,0,,,,,,,,,,,,NA,NA,,,,,,,,
91,cm,2012,s511,"0BO4BEK0, 0BO4CE70, 0BO4DDT0",ex,1,36,2012-Jun-30 21:42:44,n,y,m,y,n,,,0:29:18,2012-Jun-30 22:12:02,v,2012-Jun-30 22:12:16,un,NA,NA,NA,NA,NA,NA,0,0,2012-Jun-30 22:12:02,w,l,n,n,NA,NA,3,2012-Jun-30 22:12:30,wf,n,740.583,770.9,3,n,0,2012-Jun-30 22:12:44,0,n,s511_2012_Jun_30_22-12-44,
92,cm,2012,s511,"0BO5OEA0, 0BO5PD70,0 0BO5OQCL0",ex,2,37,2012-Jul-01 10:33:51,n,y,f,y,n,,,0:29:43,2012-Jul-01 11:03:34,v,2012-Jul-01 11:03:36,c,NA,NA,NA,NA,NA,NA,0,0,2012-Jul-01 11:03:34,w,b,n,n,3,0,3,2012-Jul-01 11:03:38,wf,n,770.9,686.7,1,n,2,2012-Jul-01 11:03:51,0,n,s511_2012_Jul_01_11-03-51,
93,cm,2012,s511,"0BO70IH0, 0BO71I60, 0BO72HT0",ex,3,38,2012-Jul-01 22:00:38,n,y,m,y,n,,,0:29:18,2012-Jul-01 22:29:56,v,2012-Jul-01 22:30:14,c,n,NA,NA,NA,NA,2012-Jul-01 22:09:07,1,0:02:38,2012-Jul-01 22:29:56,w,l,n,n,3,NA,3,2012-Jul-01 22:30:33,wf,n,686.7,758.3666667,3,n,3,2012-Jul-01 22:30:38,0,n,s511_2012_Jul_01_22-30-38,incubating bird left between 22:09:07 and 22:11:45
94,cm,2012,s511,"0BO8DGL0, 0BO8EFH0, 0BO8FEC0",ex,4,39,2012-Jul-02 10:39:17,n,y,f,y,n,,,0:29:34,2012-Jul-02 11:08:51,v,2012-Jul-02 11:08:57,un,NA,NA,NA,NA,NA,NA,0,0,2012-Jul-02 11:08:51,w,b,n,n,NA,NA,3,2012-Jul-02 11:09:00,f,n,758.36667,684.55,1,n,0,2012-Jul-02 11:09:17,0,n,s511_2012_Jul_02_11-09-17,
95,cm,2012,s511,"0BO9LLM0, 0BO9MKK0, 0BO9NJH0",ex,5,,2012-Jul-02 22:03:59,n,y,m,y,n,,,,2012-Jul-02 22:33:23,v,2012-Jul-02 22:08:08,o,n,4,4,NA,NA,NA,0,0,2012-Jul-02 22:33:23,w,r,n,n,3,NA,3,2012-Jul-02 22:33:50,wf,n,684.55,662.7666667,3,n,2,2012-Jul-02 22:33:59,0,n,s511_2012_Jul_02_22-33-59,incubating bird gets basically pushed away by incoming bird
96,cm,2012,s511,"0BOAS9L0, 0BOAT890, 0BOAU760",ex,6,40,2012-Jul-03 09:06:58,n,y,f,y,n,,,0:27:53,2012-Jul-03 09:34:51,v,NA,NA,NA,NA,NA,NA,NA,NA,0,0,2012-Jul-03 09:36:45,w,r,n,n,0,0,0,2012-Jul-03 09:36:45,wf,n,662.7666667,731.4333333,0,n,0,2012-Jul-03 09:36:58,0,n,s511_2012_Jul_03_09-36-58,incoming bird lands on cage and rests there before he walks to nest (09:34:51-09:36:37)
97,cm,2012,s511,"0BOC6NE0, 0BOC7M70, 0BOC8LA0",ex,7,,2012-Jul-03 21:18:42,n,y,m,y,n,,,,2012-Jul-03 21:47:55,v,2012-Jul-03 21:48:11,un,NA,NA,NA,NA,NA,NA,0,0,2012-Jul-03 21:47:55,w,l,n,n,NA,NA,2,2012-Jul-03 21:48:24,wf,n,731.433,761.583,3,n,2,2012-Jul-03 21:48:42,0,n,s511_2012_Jul_03_21-48-42,incubating bird gets basically pushed away by incoming bird
98,cm,2012,s511,"0BO4HC30, 0BO4IBP0",non,1,36,2012-Jun-30 23:17:24,n,y,f,y,n,,,0:29:18,NA,NA,NA,NA,NA,0,0,NA,NA,NA,0,0,,,,,,,,,,,,NA,NA,,,,,,,,
99,cm,2012,s511,"0BO4S8L0, 0BO4T870",non,2,37,2012-Jul-01 02:23:20,n,y,f,y,n,,,0:29:43,NA,NA,NA,NA,NA,0,0,NA,NA,NA,0,0,,,,,,,,,,,,NA,NA,,,,,,,,
100,cm,2012,s511,"0BO54UC0, 0BO55T50",non,3,38,2012-Jul-01 04:51:30,n,y,f,y,n,,,0:29:18,NA,NA,NA,NA,NA,0,0,NA,NA,NA,0,0,,,,,,,,,,,,NA,NA,,,,,,,,
101,cm,2012,s511,"0BO8LAF0, 0BO8M9Q0",non,4,39,2012-Jul-02 12:49:20,n,y,m,y,n,,,0:29:34,NA,NA,NA,NA,NA,0,0,NA,NA,NA,0,0,,,,,,,,,,,,NA,NA,,,,,,,,
102,cm,2012,s511,"0BOBVSR0, 0BOC0S70",non,5,40,2012-Jul-03 19:08:14,n,y,m,y,n,,,0:27:53,NA,NA,NA,NA,NA,0,0,NA,NA,NA,0,0,,,,,,,,,,,,NA,NA,,,,,,,,
103,cm,2012,s609,"0BNK7VT0, 0BNK9050, 0BNKA0C0",ex,1,41,2012-Jun-24 19:08:18,n,y,m,y,n,2012-Jun-26 20:34:31,2012-Jun-26 20:33:19,0:29:12,2012-Jun-24 19:37:30,v,2012-Jun-24 19:37:47,c,n,3,3,NA,NA,NA,0,0,2012-Jun-24 19:37:30,w,f,n,n,2,0,2,2012-Jun-24 19:37:53,wf,n,NA,628.3666667,1,n,2,2012-Jun-24 19:38:18,0,n,s609_2012_Jun_24_19-38-18,"because of cage bird have to ""wf"" off nest, current_bout was disturbed by researchers, female incubated for a few minutes in between before she was disturbed and left and then male came back on"
104,cm,2012,s609,"0BNLD4L0, 0BNLE4E0, 0BNLF450",ex,2,42,2012-Jun-25 05:37:00,n,y,f,y,n,2012-Jun-26 20:34:31,2012-Jun-26 20:33:19,0:29:24,2012-Jun-25 06:06:24,v,2012-Jun-25 06:06:50,c,n,1,1,NA,NA,NA,0,0,2012-Jun-25 06:06:24,w,l,n,n,0,0,0,2012-Jun-25 06:06:30,f,n,628.3666667,856.167,0,n,0,2012-Jun-25 06:07:00,1,n,s609_2012_Jun_25_06-07-00,
105,cm,2012,s609,"0BNPK6U0, 0BNPL700, 0BNPM770",ex,3,43,2012-Jun-26 20:03:19,n,y,m,y,n,2012-Jun-26 20:34:31,2012-Jun-26 20:33:19,0:29:40,2012-Jun-26 20:32:59,b,2012-Jun-26 20:32:59,c,y,NA,NA,NA,NA,NA,0,0,2012-Jun-26 20:32:59,w,r,y,y,3,3,3,2012-Jun-26 20:33:08,wf,NA,721.833,NA,2,n,3,2012-Jun-26 20:33:19,0,n,s609_2012_Jun_26_20-33-19,
106,cm,2012,s609,"0BNK3V30, 0BNK4V90",non,1,41,2012-Jun-24 17:50:30,n,y,m,y,n,2012-Jun-26 20:34:31,2012-Jun-26 20:33:19,0:29:12,NA,NA,NA,NA,NA,0,0,NA,NA,NA,0,0,,,,,,,,,,,,NA,NA,,,,,,,,Waermeplatte?
107,cm,2012,s609,"0BNLI4G0, 0BNLJ4H0, 0BNLK4F0",non,2,42,2012-Jun-25 07:06:54,n,y,m,y,n,2012-Jun-26 20:34:31,2012-Jun-26 20:33:19,0:29:24,NA,NA,NA,NA,NA,0,0,NA,NA,NA,0,0,,,,,,,,,,,,NA,NA,,,,,,,,
108,cm,2012,s609,"0BNPP7N0, 0BNPQ7T0",non,3,43,2012-Jun-26 21:25:00,n,y,f,y,n,2012-Jun-26 20:34:31,2012-Jun-26 20:33:19,0:29:40,NA,NA,NA,NA,NA,NA,NA,NA,NA,NA,0,0,,,,,,,,,,,,NA,NA,,,,,,,,
109,cm,2012,s705,"00DIQCU0, 00DIQJC0, 00DIQPQ0, 00DIR090, 00DIR6N0, 00DIRD60, 00DIRJL0, 00DIRQ30, 00DIS0I0, 00DIS700, 00DISDF0",ex,1,44,2012-Jun-13 21:55:06,n,n,m,y,n,2012-Jun-14 08:09:25,2012-Jun-14 08:21:11,0:29:49,2012-Jun-13 22:24:55,b,2012-Jun-13 21:55:28,o,n,2,2,NA,NA,NA,0,0,2012-Jun-13 22:24:55,w,b,y,n,0,0,0,2012-Jun-13 22:24:57,w,n,527,595.8333333,1,n,1,2012-Jun-13 22:25:06,0,n,s705_2012_Jun_13_22-25-06,foggy
110,cm,2012,s705,00DJTAS0 to 00DJV9V0,ex,2,45,2012-Jun-14 07:51:11,n,n,f,y,n,2012-Jun-14 08:09:25,2012-Jun-14 08:21:11,0:29:37,2012-Jun-14 08:20:48,v,2012-Jun-14 08:02:25,o,n,3,3,NA,NA,NA,0,0,2012-Jun-14 08:20:48,w,r,n,n,3,0,2,2012-Jun-14 08:20:56,wf,n,595.8333333,364.0333333,2,n,2,2012-Jun-14 08:21:11,0,n,s705_2012_Jun_14_08-21-11,
111,cm,2012,s705,00DKHPH0 to 00DKKHA0,ex,3,46,2012-Jun-14 13:55:13,n,y,m,y,n,2012-Jun-14 08:09:25,2012-Jun-14 08:21:11,0:29:20,2012-Jun-14 14:24:33,v,2012-Jun-14 14:06:38,o,n,2,2,NA,NA,NA,0,0,2012-Jun-14 14:24:33,w,b,n,n,3,0,3,2012-Jun-14 14:25:13,wf,n,364.0333333,251.3833333,3,n,1,2012-Jun-14 14:25:13,0,n,s705_2012_Jun_14_14-25-13,wind; incoming bird has to push incubating bird away to take over incubation
112,cm,2012,s705,00DL1GK0 to 00DL39I0,ex,4,,2012-Jun-14 18:06:47,n,y,f,y,n,2012-Jun-14 08:09:25,2012-Jun-14 08:21:11,,2012-Jun-14 18:36:18,v,2012-Jun-14 18:16:41,o,n,5,5,NA,NA,2012-Jun-14 18:13:48,1,0:03:57,2012-Jun-14 18:36:18,f,l,n,n,2,3,3,2012-Jun-14 18:36:36,wf,y,251.3833333,325.833,2,n,0,2012-Jun-14 18:36:47,0,n,s705_2012_Jun_14_18-36-47,incubating bird took a while until it got off nest even though new bird was standing right next to it calling
297,dt,2012,s705,"00DLKI50, 00DLKI50, 00DLKUR0, 00DLL560, 00DLLBI0,00DLLHT0, 00DLLO90, 00DLLUL0, 00DLM510, 00DLMBC0, 00DLMHO0",ex,5,,2012-Jun-14 23:32:49,n,y,m,y,n,2012-Jun-14 08:09:25,2012-Jun-14 08:21:11,0:29:37,2012-Jun-15 00:02:26,v,2012-Jun-14 23:32:51,o,n,4,4,NA,NA,NA,0,0:00:00,2012-Jun-15 0:02:26,w,b,y,n,3,0,3,2012-Jun-15 00:02:41,wf,n,325.9,557.0333,2,n,3,2012-Jun-15 00:02:49,2,n,,
113,cm,2012,s705,00DMKML0 to 00DMN1V0,ex,6,,2012-Jun-15 08:50:05,n,y,f,y,n,2012-Jun-14 08:09:25,2012-Jun-14 08:21:11,,2012-Jun-15 09:19:45,v,2012-Jun-15 08:55:17,o,n,1,1,NA,NA,NA,0,0:00:00,2012-Jun-15 09:19:45,w,l,n,n,3,3,3,2012-Jun-15 09:19:51,wf,NA,556,379.1,2,n,2,2012-Jun-15 09:20:05,0,n,s705_2012_Jun_15_09-20-05,first call of incubating bird very short
114,cm,2012,s705,00DNBGM0 to00DND8K0,ex,7,47,2012-Jun-15 15:09:13,n,y,m,y,n,2012-Jun-14 08:09:25,2012-Jun-14 08:21:11,0:29:31,2012-Jun-15 15:38:44,a,2012-Jun-15 15:28:51,o,n,3,2,0,1,NA,0,0:00:00,2012-Jun-15 15:38:48,w,r,y,y,3,3,3,2012-Jun-15 15:39:11,w,NA,379.1,661.6833333,3,n,2,2012-Jun-15 15:39:13,2,n,s705_2012_Jun_15_15-39-13,incubating bird gets pushed off nest from incoming bird
115,cm,2012,s705,00DOI930 to ooDOK2J0,ex,8,48,2012-Jun-16 02:11:11,n,y,f,y,n,2012-Jun-14 08:09:25,2012-Jun-14 08:21:11,0:29:39,2012-Jun-16 02:40:50,v,2012-Jun-16 02:16:01,o,n,3,3,NA,NA,NA,0,0:00:00,2012-Jun-16 02:40:50,w,l,n,n,3,0,3,2012-Jun-16 02:40:54,w,n,661.6833333,523.5,2,n,0,2012-Jun-16 02:41:11,0,n,s705_2012_Jun_16_02-41-11,
116,cm,2012,s705,00DPGQ30 to 00DPIP40,ex,9,,2012-Jun-16 10:54:49,n,y,m,y,n,2012-Jun-14 08:09:25,2012-Jun-14 08:21:11,,2012-Jun-16 11:24:30,v,2012-Jun-16 11:24:31,c,y,NA,NA,NA,NA,NA,0,0:00:00,2012-Jun-16 11:24:30,w,r,n,n,3,3,3,2012-Jun-16 11:24:41,w,y,523.5,577.5166667,3,n,2,2012-Jun-16 11:24:49,3,n,s705_2012_Jun_16_11-24-49,
117,cm,2012,s705,00DQIOV0 to 00DQKIB0,ex,10,,2012-Jun-16 20:32:31,n,y,f,y,n,2012-Jun-14 08:09:25,2012-Jun-14 08:21:11,,2012-Jun-16 21:02:12,v,2012-Jun-16 20:42:42,o,n,9,9,NA,NA,NA,0,0:00:00,2012-Jun-16 21:02:12,w,r,n,n,3,0,3,2012-Jun-16 21:02:20,wf,n,577.5166667,610.2833333,2,n,2,2012-Jun-16 21:02:31,0,n,s705_2012_Jun_16_21-02-31,
118,cm,2012,s705,00DRMJP0 to OODROD90,ex,11,,2012-Jun-17 06:43:01,n,y,m,y,n,2012-Jun-14 08:09:25,2012-Jun-14 08:21:11,,2012-Jun-17 07:12:35,v,2012-Jun-17 06:44:52,o,n,11,11,NA,NA,NA,0,0:00:00,2012-Jun-1707:12:35,w,l,n,n,2,3,3,2012-Jun-17 07:12:48,wf,y,610.2833333,NA,3,n,2,2012-Jun-17 07:13:01,1,n,s705_2012_Jun_17_07-13-01,"incubating bird was ""called off"" the nest"
119,cm,2012,s705,"00DJ11B0, 0DJ17O0, 00DJ1E50, 0DJ1KK0, 0DJ1R20, 00DJ21H0, 00DJ2800, 0DJ2EE0, 0DJ2KS0",non,1,44,2012-Jun-13 23:45:49,n,n,f,y,n,2012-Jun-14 08:09:25,2012-Jun-14 08:21:11,0:29:49,NA,NA,NA,NA,NA,0,0,NA,NA,NA,0,0,,,,,,,,,,,,NA,NA,,,,,,,,
120,cm,2012,s705,"00DKMSJ0, 00DKN2S0, 00DKN950, 00DKNFE0, 00DKNLN0, 00DKNS00, 00DKO290, 00DKO8I0, 00DKOEQ0",non,2,45,2012-Jun-14 15:04:54,n,y,f,y,n,2012-Jun-14 08:09:25,2012-Jun-14 08:21:11,0:29:37,NA,NA,2012-Jun-14 15:04:59,o,n,3,3,NA,NA,NA,0,0,,,,,,,,,,,,NA,NA,,,,,,,,
121,cm,2012,s705,"00DL4LS0, 00DL4S80, 00DL52I0, 00DL58T0, 00DL5F80, 00DL5LG0, 00L5LG0, 00L5RO0, 00DL6210, 00DL6890",non,3,46,2012-Jun-14 19:00:14,n,y,m,y,n,2012-Jun-14 08:09:25,2012-Jun-14 08:21:11,0:29:20,NA,NA,2012-Jun-14 19:27:25,o,n,1,1,NA,NA,NA,0,0,,,,,,,,,,,,NA,NA,,,,,,,,
122,cm,2012,s705,00DMFBC0 to 00DMGUB0,non,4,47,2012-Jun-15 07:08:30,n,y,f,y,n,2012-Jun-14 08:09:25,2012-Jun-14 08:21:11,0:29:31,NA,NA,2012-Jun-15 07:35:45,o,n,3,3,NA,NA,2012-Jun-15 07:34:35,1,0:01:45,,,,,,,,,,,,NA,NA,,,,,,,,
123,cm,2012,s705,00DP2S20 to 00DP4F30,non,5,48,2012-Jun-16 06:54:00,n,y,m,y,n,2012-Jun-14 08:09:25,2012-Jun-14 08:21:11,0:29:39,NA,NA,2012-Jun-16 07:21:45,o,n,1,1,NA,NA,NA,0,0,,,,,,,,,,,,NA,NA,,,,,,,,
124,cm,2012,s706,"0BN22I90, 0BN232B0, 0BN23ID0, 0BN242E0",ex,1,49,2012-Jun-17 21:42:10,n,y,f,y,n,,,0:29:29,2012-Jun-17 22:11:39,v,2012-Jun-17 21:42:12,o,n,6,6,NA,NA,NA,0,0,2012-Jun-17 22:11:39,w,f,n,n,2,0,2,2012-Jun-17 22:11:47,wf,y,569.5,696.9,0,n,0,2012-Jun-17 22:12:10,0,n,s706_2012_Jun_17_22-12-10,
125,cm,2012,s706,"0BN3B4S0, 0BN3BKS0, 0BN3C4T0, 0BN3CKT0, 0BN3D4T0, 0BN3DKT0",ex,2,50,2012-Jun-18 09:19:20,n,y,m,y,n,,,0:29:30,2012-Jun-18 09:48:50,b,2012-Jun-18 09:33:10,o,n,7,7,NA,NA,NA,0,0,2012-Jun-18 09:48:50,f,f,y,y,1,2,2,2012-Jun-18 09:49:04,wf,y,696.9,720.9666667,1,n,0,2012-Jun-18 09:49:20,1,n,s706_2012_Jun_18_09-49-20,
126,cm,2012,s706,"0BN4L6R0, 0BN4LMT0, 0BN4M6V0, 0BN4MN00, 0BN4N720, 0BN4NN30",ex,3,,2012-Jun-18 21:20:29,n,y,f,y,n,,,,2012-Jun-18 21:50:10,v,2012-Jun-18 21:50:15,c,n,4,4,NA,NA,NA,0,0,2012-Jun-18 21:50:10,w,r,n,n,3,0,2,2012-Jun-18 21:50:18,w,n,720.9666667,669.85,2,n,2,2012-Jun-18 21:50:29,0,n,s706_2012_Jun_18_21-50-29,strong wind
127,cm,2012,s706,"0BN5T9M0, 0BN5TPJ0, 0BN5U9I0, 0BN5UPG0",ex,4,51,2012-Jun-19 08:30:34,n,y,m,y,n,,,0:29:21,2012-Jun-19 08:59:55,a,2012-Jun-19 08:51:11,o,n,3,3,0,1,NA,0,0,2012-Jun-19 09:00:23,w,r,y,n,3,0,2,2012-Jun-19 09:00:20,wf,n,669.85,588.8166667,0,n,2,2012-Jun-19 09:00:34,0,n,s706_2012_Jun_19_09-00-34,strong wind
128,cm,2012,s706,"0BN6VBO0, 0BN6VRQ0, 0BN70BT0, 0BN70RV0, 0BN71C20",ex,5,52,2012-Jun-19 18:19:34,n,y,f,y,n,,,0:29:36,2012-Jun-19 18:49:10,v,2012-Jun-19 18:33:21,o,n,3,3,NA,NA,NA,0,0,2012-Jun-19 18:49:10,w,r,n,n,3,0,2,2012-Jun-19 18:49:23,f,n,588.8166667,640.2833333,2,n,2,2012-Jun-19 18:49:34,0,n,s706_2012_Jun_19_18-49-34,strong wind
129,cm,2012,s706,"0BN850O0, 0BN85GQ0, 0BN860T0, 0BN86GU0, 0BN87100",ex,6,53,2012-Jun-20 05:00:06,n,y,m,y,n,,,0:29:29,2012-Jun-20 05:29:35,a,2012-Jun-20 05:29:33,o,y,2,1,0,1,NA,0,0,2012-Jun-20 05:29:37,w,l,y,n,3,0,2,2012-Jun-20 05:29:51,wf,n,640.2833333,685.833,2,n,2,2012-Jun-20 05:30:06,0,n,s706_2012_Jun_20_05-30-06,"strong wind; nest was empty when video started, bird arrived at 05:04:45, calling 5 times and was on nest at 05:04:56"
130,cm,2012,s706,"0BN28IR0, 0BN2920, 0BN29J00, 0BN2A310",non,1,49,2012-Jun-17 23:18:50,n,y,m,y,n,,,0:29:29,NA,NA,2012-Jun-17 23:25:52,o,n,2,2,NA,NA,NA,0,0,,,,,,,,,,,,NA,NA,,,,,,,,
131,cm,2012,s706,"0BN304E0, 0BN30KF0, 0BN314H0, 0BN31KI0",non,2,50,2012-Jun-18 06:00:48,n,y,m,y,n,,,0:29:30,NA,NA,2012-Jun-18 06:07:16,o,n,5,5,NA,NA,2012-Jun-18 06:22:03,1,0:01:55,,,,,,,,,,,,NA,NA,,,,,,,,
132,cm,2012,s706,"0BN68PU0, 0BN699V0, 0BN69PV0, 0BN6AA00",non,3,51,2012-Jun-19 11:47:10,n,y,f,y,n,,,0:29:21,NA,NA,NA,NA,NA,0,0,NA,NA,NA,0,0,,,,,,,,,,,,NA,NA,,,,,,,,
133,cm,2012,s706,"0BN79T10, 0BN7AD30, 0BN7AT50, 0BN7BD60",non,4,52,2012-Jun-19 21:12:00,n,y,m,y,n,,,0:29:36,NA,NA,NA,NA,NA,0,0,NA,NA,NA,0,0,,,,,,,,,,,,NA,NA,,,,,,,,
134,cm,2012,s706,"0BN8K2L0, 0BN8KIN0, 0BN8L2P0, 0BN8LIQ0",non,5,53,2012-Jun-20 09:11:50,n,y,f,y,n,,,0:29:29,NA,NA,NA,NA,NA,0,0,NA,NA,NA,0,0,,,,,,,,,,,,NA,NA,,,,,,,,
135,cm,2012,s708,"0BMU54C0, 0BMU63I0",ex,1,54,2012-Jun-16 09:54:15,n,n,f,y,n,,,0:29:04,2012-Jun-16 10:23:19 ,a,2012-Jun-16 10:01:12,o,n,2,1,0,1,NA,0,0,2012-Jun-16 10:23:44,w,r,n,n,1,1,1,2012-Jun-16 10:23:50,wf,n,760.417,708.3666667,1,n,0,2012-Jun-16 10:24:15,0,n,s708_2012_Jun_16_10-24-15,
136,cm,2012,s708,"0BMVDSI0, 0BMVESJ0, 0BMVFSH0",ex,2,55,2012-Jun-16 21:42:48,n,n,m,y,n,,,0:29:39,2012-Jun-16 22:12:27,v,2012-Jun-16 21:52:58,o,n,2,2,NA,NA,NA,0,0,2012-Jun-16 22:12:27,w,r,n,n,NA,NA,2,2012-Jun-16 22:12:37,f,n,708.3666667,793.2833333,1,n,2,2012-Jun-16 22:12:48,0,n,s708_2012_Jun_16_22-12-48,
137,cm,2012,s708,"0BN0SIN0, 0BN0TIM0, 0BN0UIM0",ex,3,56,2012-Jun-17 10:56:20,n,n,f,y,n,,,0:28:38,2012-Jun-17 11:24:58,b,2012-Jun-17 11:23:14,o,n,3,1,1,1,NA,0,0,2012-Jun-17 11:26:02,a,r,y,y,0,1,1,2012-Jun-17 11:26:05,f,y,793.2833333,744.15,0,n,2,2012-Jun-17 11:26:20,2,n,s708_2012_Jun_17_11-26-20,
138,cm,2012,s708,"0BN28E30, 0BN29DV0, 0BN2ADS0",ex,4,57,2012-Jun-17 23:20:43,n,n,m,y,n,,,0:29:43,2012-Jun-17 23:50:18,v,2012-Jun-17 23:25:35,o,n,3,3,0,0,NA,0,0,2012-Jun-17 23:50:18,w,r,n,n,3,0,3,2012-Jun-17 23:50:29,f,n,744.15,700.667,1,n,2,2012-Jun-17 23:50:43,0,n,s708_2012_Jun_17_23-50-43,"a SeSa approached the nest while calling ""3"" at 23:39:06, with wings weirdly spread and it circles the nest and then takes off again, I guess it's a not a bird from the nest"
139,cm,2012,s708,"0BMTQLE0, 0BMTRJO0",non,1,55,2012-Jun-16 06:56:48,n,n,f,y,n,,,0:29:39,NA,NA,2012-Jun-16 07:04:52,o,n,3,3,NA,NA,NA,0,0,,,,,,,,,,,,NA,NA,,,,,,,,
140,cm,2012,s708,"0BMUE270, 0BMUF240",non,2,54,2012-Jun-16 12:27:52,n,n,m,y,n,,,0:29:04,NA,NA,NA,NA,NA,0,0,NA,NA,NA,0,0,,,,,,,,,,,,NA,NA,,,,,,,,
141,cm,2012,s708,"0BMVMRK0, 0BMVNRF0",non,3,56,2012-Jun-17 00:04:07,n,n,f,y,n,,,0:28:38,NA,NA,2012-Jun-17 00:10:43,o,n,1,1,NA,NA,NA,0,0,,,,,,,,,,,,NA,NA,,,,,,,,
142,cm,2012,s708,"0BN0IKI0, 0BN0JK80",non,4,57,2012-Jun-17 07:58:13,n,n,f,y,n,,,0:29:43,NA,NA,2012-Jun-17 08:26:16,o,n,2,2,NA,NA,NA,0,0,,,,,,,,,,,,NA,NA,,,,,,,,there seems to be another bird calling nearby but I couldn't see it and am not 100% sure that the incubating bird is answering
143,cm,2012,s712,"0BNN7V70, 0BNN9D00, 0BNNABO0",ex,1,58,2012-Jun-25 22:30:13,n,n,f,y,y,2012-Jun-25 23:02:17,2012-Jun-25 23:00:13,0:29:28,2012-Jun-25 22:59:41,a,2012-Jun-25 22:59:41,c,y,2,0,1,1,NA,0,0,2012-Jun-25 22:59:52,f,l,y,n,3,0,2,2012-Jun-25 23:00:01,wf,n,736.9167,743.7166667,1,n,0,2012-Jun-25 23:00:13,0,t,s712_2012_Jun_25_23-00-13,camera is set very close to nest; there are minutes of video missing between 22:33:23 and 22:41:36
144,cm,2012,s712,"0BNOKK30, 0BNOLIH0, 0BNOM5A0",ex,2,59,2012-Jun-26 10:54:09,n,n,m,y,y,2012-Jun-25 23:02:17,2012-Jun-25 23:00:13,0:29:54,2012-Jun-26 11:24:03,v,2012-Jun-26 11:21:32,o,n,6,6,NA,NA,NA,0,0,2012-Jun-26 11:24:03,w,b,y,n,NA,NA,1,2012-Jun-26 11:23:56,f,y,743.7166667,1100.983333,NA,y,1,2012-Jun-26 11:24:09,2,n,s712_2012_Jun_26_11-24-09,"incubating bird left before incoming bird is visible or audible, but it seems that it has been sitting close behind camera, therefore I wrote call_int_c1 = NA, and left_before_presence = 0 "
145,cm,2012,s712,"0BNQKG30, 0BNQL080, 0BNQLUS0, 0BNQM490",ex,3,60,2012-Jun-27 05:15:20,n,n,f,y,y,2012-Jun-25 23:02:17,2012-Jun-25 23:00:13,0:29:37,2012-Jun-27 05:44:57,a,2012-Jun-27 05:44:57,c,n,2,0,0,2,NA,0,0,2012-Jun-27 05:45:05,f,l,y,n,1,0,1,2012-Jun-27 05:45:08,f,y,1100.983333,650.75,1,n,1,2012-Jun-27 05:45:20,0,n,s712_2012_Jun_27_05-45-20,NICE EXAMPLE
146,cm,2012,s712,"0BNRQRA0, 0BNRRQM0, 0BNRS8S0",ex,4,61,2012-Jun-27 16:06:26,n,n,m,y,y,2012-Jun-25 23:02:17,2012-Jun-25 23:00:13,0:29:35,2012-Jun-27 16:36:01,a,2012-Jun-27 16:18:22,o,n,7,7,NA,NA,2012-Jun-27 16:26:12,1,0:02:13,2012-Jun-27 16:36:01,a,b,y,n,0,0,0,2012-Jun-27 16:36:05,f,n,650.75,780.6,0,n,1,2012-Jun-27 16:36:26,2,n,s712_2012_Jun_27_16-36-26,
147,cm,2012,s712,"0BNN1980, 0BNN27J0",non,1,58,2012-Jun-25 20:23:05,n,n,f,y,y,2012-Jun-25 23:02:17,2012-Jun-25 23:00:13,0:29:28,NA,NA,NA,NA,NA,0,0,NA,NA,NA,0,0,,,,,,,,,,,,NA,NA,,,,,,,,
148,cm,2012,s712,"0BNOPUB0, 0BNOQSN0",non,2,59,2012-Jun-26 12:30:05,n,n,f,y,y,2012-Jun-25 23:02:17,2012-Jun-25 23:00:13,0:29:54,NA,NA,NA,NA,NA,0,0,NA,NA,NA,0,0,,,,,,,,,,,,NA,NA,,,,,,,,
149,cm,2012,s712,"0BNQPQU0, 0BNQQNQ0",non,3,60,2012-Jun-27 06:39:27,n,n,m,y,y,2012-Jun-25 23:02:17,2012-Jun-25 23:00:13,0:29:35,NA,NA,2012-Jun-27 06:58:37,o,n,1,1,NA,NA,NA,0,0,,,,,,,,,,,,NA,NA,,,,,,,,is nest heated?
150,cm,2012,s712,"0BNS4TS0, 0BNS5SM0, 0BNS6I70",non,4,61,2012-Jun-27 19:03:23,n,n,f,y,y,2012-Jun-25 23:02:17,2012-Jun-25 23:00:13,0:29:37,NA,NA,2012-Jun-27 19:17:19,o,n,1,1,NA,NA,NA,0,0,,,,,,,,,,,,NA,NA,,,,,,,,
151,cm,2012,s801,"00065PR0, 00066OE0, 00067MP0",ex,1,62,2000-Jan-03 08:17:17,n,y,f,y,n,2012-Jun-12 17:32:29,2000-Jan-03 07:46:07,0:29:39,2000-Jan-03 08:46:56,a,2000-Jan-03 08:30:16,o,n,2,1,NA,1,NA,0,0,2000-Jan-03 08:47:08,w,r,y,n,2,0,1,2000-Jan-03 08:46:53,wf,n,602.833,596.5666667,0,y,1,2000-Jan-03 08:47:17,1,n,s801_2012_Jun_12_08-47-17,nest heated or feeding bowl? Very windy!
152,cm,2012,s801,"00078NF0, 00079F50, 0007AEG0",ex,2,,2000-Jan-03 18:14:05,n,y,m,y,n,2012-Jun-12 17:32:29,2000-Jan-03 07:46:07,0:16:31,2000-Jan-03 18:43:36,a,2000-Jan-03 18:30:36,c,y,1,0,0,NA,NA,0,0,2000-Jan-03 18:43:50,w,r,n,n,0,3,3,2000-Jan-03 18:43:51,wf,y,596.5666667,596.5333333,2,n,2,2000-Jan-03 18:44:05,2,n,s801_2012_Jun_13_18-44-05,Futterschale
153,cm,2012,s801,"0008B1C0, 0008BV40, 0008CKV0, 0008DIN0",ex,3,63,2000-Jan-04 04:10:52,n,y,f,y,n,2012-Jun-12 17:32:29,2000-Jan-03 07:46:07,0:29:40,2000-Jan-04 04:40:32,v,2000-Jan-04 04:25:33,o,n,2,2,NA,NA,NA,0,0,2000-Jan-04 04:40:32,w,r,n,n,3,3,3,2000-Jan-04 04:40:37,wf,y,596.5333333,573.5,0,n,2,2000-Jan-04 04:40:52,1,n,s801_2012_Jun_13_04:40:52,Futterschale
154,cm,2012,s801,"0BNCS6P0, 0BNCT6N0",ex,4,64,2012-Jun-21 23:56:13,n,y,m,y,y,,,0:29:46,2012-Jun-22 00:25:59,v,2012-Jun-22 00:10:40,o,n,3,3,NA,NA,NA,0,0,2012-Jun-22 00:25:59,w,l,y,y,3,3,3,2012-Jun-22 00:26:06,w,y,695,795.4,3,n,3,2012-Jun-22 00:26:13,2,n,s801_2012_Jun_22_00-26-13,Futterschale
155,cm,2012,s801,"0BNEACD0, 0BNEBBP0, 0BNECAI0",ex,5,65,2012-Jun-22 13:12:04,n,y,f,y,y,,,0:29:17,2012-Jun-22 13:41:21,v,2012-Jun-22 13:41:26,c,n,NA,NA,NA,NA,NA,0,0,2012-Jun-22 13:41:21,w,f,n,n,3,0,3,2012-Jun-22 13:41:30,w,n,795.4,662.083,1,n,2,2012-Jun-22 13:42:04,0,n,s801_2012_Jun_22_13-42-04,Futterschale
156,cm,2012,s801,"0BNGT490, 0BNGU410, 0BNGV3N0",ex,6,66,2012-Jun-23 12:45:37,n,y,f,y,y,,,0:29:38,2012-Jun-23 13:15:15,a,2012-Jun-23 12:45:11,o,n,9,8,0,1,NA,0,0,2012-Jun-23 13:15:26,w,b,y,n,3,0,3,2012-Jun-23 13:15:26,w,n,750.583,309.667,0,n,2,2012-Jun-23 13:15:37,2,n,s801_2012_Jun_23_13-15-37,"Futterschale, incubating bird whisltes a lot between calls"
157,cm,2012,s801,"0007CMD0, 0007DLR0",non,1,62,2000-Jan-03 19:20:00,n,y,m,y,n,2012-Jun-12 17:32:29,2000-Jan-03 07:46:07,0:29:39,NA,NA,2000-Jan-03 19:37:08,o,n,3,3,NA,NA,NA,0,0,,,,,,,,,,,,NA,NA,,,,,,,,Futterschale
158,cm,2012,s801,"0009UO50, 0009VLS0",non,2,63,2000-Jan-04 18:40:00,n,y,f,y,n,2012-Jun-12 17:32:29,2000-Jan-03 07:46:07,0:29:40,NA,NA,2000-Jan-04 18:53:11,o,n,4,4,NA,NA,NA,0,0,,,,,,,,,,,,NA,NA,,,,,,,,Futterschale
159,cm,2012,s801,"0BND46E0, 0BND56I0",non,3,64,2012-Jun-22 02:12:00,n,y,f,y,y,,,0:29:46,NA,NA,NA,NA,NA,0,0,NA,NA,NA,0,0,,,,,,,,,,,,NA,NA,,,,,,,,"Futterschale: incubating bird stood up and fed from the feeding plate from 02:30:17 to 02:32:56, it was not on the nest during this time"
160,cm,2012,s801,"0BNF0PJ0, 0BNF1PA0",non,4,65,2012-Jun-22 19:26:00,n,y,m,y,y,,,0:29:17,NA,NA,2012-Jun-22 19:34:51,o,n,7,7,NA,NA,2012-Jun-22 19:33:36,3,0:04:22,,,,,,,,,,,,NA,NA,,,,,,,,Futterschale
161,cm,2012,s801,"0BNFK3O0, 0BNFL3K0",non,5,66,2012-Jun-23 00:56:00,n,y,f,y,y,,,0:29:38,NA,NA,2012-Jun-23 00:57:29,o,n,1,1,NA,NA,NA,0,0,,,,,,,,,,,,NA,NA,,,,,,,,"Futterschale, the observation starts about 10 minutes after an exchange!"
162,cm,2012,s805,"000JDEV0, 000JEF30, 000JFF80",ex,1,67,2000-Jan-08 08:52:20,n,y,f,y,n,2012-Jun-17 16:27:24,2000-Jan-08 05:03:44,0:29:37,2000-Jan-08 09:21:57,v,2000-Jan-08 08:52:57,o,n,2,2,NA,NA,NA,0,0,2000-Jan-08 09:21:57,w,b,n,n,2,0,2,2000-Jan-08 09:22:06,wf,n,734.75,743.8666667,2,n,2,2000-Jan-08 09:22:20,0,t,s805_2012_Jun_17_09-22-20,"new Sesa walked to nest and on nest both called together for some seconds ""3"", it's like the new Sesa had to push the incubating bird off the nest"
163,cm,2012,s805,"000KOI40, 000KPI90, 000KQIE0",ex,2,68,2000-Jan-08 21:16:12,n,y,m,y,n,2012-Jun-17 16:27:24,2000-Jan-08 05:03:44,0:29:08,2000-Jan-08 21:45:20,v,2000-Jan-08 21:39:29,o,n,5,5,0,0,NA,0,0,2000-Jan-08 21:45:27,w,f,n,n,2,2,3,2000-Jan-08 21:46:12,wf,n,743.8666667,779.6166667,3,n,3,2000-Jan-08 21:46:12,0,t,s805_2012_Jun_18_21-46-12,
164,cm,2012,s805,"000M6N10, 000M7N70, 000M8NB0",ex,3,69,2000-Jan-09 10:16:15,n,y,f,y,n,2012-Jun-17 16:27:24,2000-Jan-08 05:03:44,0:29:34,2000-Jan-09 10:45:40,a,2000-Jan-09 10:45:40,c,n,1,0,0,1,NA,0,0,2000-Jan-09 10:46:00,w,r,n,n,1,0,1,2000-Jan-09 10:45:49,wf,n,779.6166667,789.1,0,n,1,2000-Jan-09 10:46:15,2,t,s805_2012_Jun_18_10-46-15,
165,cm,2012,s805,"000NLFG0, 000NMEK0, 000NNDQ0",ex,4,70,2000-Jan-09 23:35:21,n,y,m,y,n,2012-Jun-17 16:27:24,2000-Jan-08 05:03:44,0:29:42,2000-Jan-10 00:05:03,v,2000-Jan-10 00:04:43,o,n,1,1,NA,NA,NA,0,0,2000-Jan-10 00:05:03,w,l,n,n,2,NA,3,2000-Jan-10 00:05:21,wf,NA,789.1,700.3666667,3,n,3,2000-Jan-10 00:05:21,0,t,s805_2012_Jun_19_00-05-21," incomig bird had to basically ""wegtreiben"" the incubating bird"
166,cm,2012,s805,"000OUGB0, 000OVGC0, 000POG80",ex,5,71,2000-Jan-10 11:16:04,n,y,f,y,n,2012-Jun-17 16:27:24,2000-Jan-08 05:03:44,0:29:23,2000-Jan-10 11:45:27,v,NA,NA,NA,NA,NA,NA,NA,NA,0,0,2000-Jan-10 11:45:27,w,r,n,n,0,0,0,2000-Jan-10 11:45:43,wf,n,700.3666667,770.667,0,n,0,2000-Jan-10 11:46:04,2,t,s805_2012_Jun_19_11-46-04,
167,cm,2012,s805,"000J4DD0, 000J5DI0",non,1,67,2000-Jan-08 06:12:00,n,y,f,y,n,2012-Jun-17 16:27:24,2000-Jan-08 05:03:44,0:29:37,NA,NA,2000-Jan-08 06:23:00,o,n,1,1,NA,NA,NA,0,0,,,,,,,,,,,,NA,NA,,,,,,,,
168,cm,2012,s805,"000J7DV0, 000J8E60",non,2,68,2000-Jan-08 07:03:30,n,y,f,y,n,2012-Jun-17 16:27:24,2000-Jan-08 05:03:44,0:29:08,NA,NA,NA,NA,NA,0,0,NA,NA,NA,0,0,,,,,,,,,,,,NA,NA,,,,,,,,
169,cm,2012,s805,"000LFJ20, 000LGJ30",non,3,69,2000-Jan-09 03:35:00,n,y,f,y,n,2012-Jun-17 16:27:24,2000-Jan-08 05:03:44,0:29:34,NA,NA,NA,NA,NA,0,0,NA,NA,NA,0,0,,,,,,,,,,,,NA,NA,,,,,,,,
170,cm,2012,s805,"000ORGA0, 000OSGE0",non,4,71,2000-Jan-10 10:16:44,n,y,f,y,n,2012-Jun-17 16:27:24,2000-Jan-08 05:03:44,0:29:23,NA,NA,NA,NA,NA,0,0,NA,NA,NA,0,0,,,,,,,,,,,,NA,NA,,,,,,,,
171,cm,2012,s805,"000P4G10, 000P5G40",non,5,70,2000-Jan-10 12:50:10,n,y,m,y,n,2012-Jun-17 16:27:24,2000-Jan-08 05:03:44,0:29:42,NA,NA,NA,NA,NA,0,0,NA,NA,NA,0,0,,,,,,,,,,,,NA,NA,,,,,,,,
172,cm,2012,s817,"0BN4LLE0, 0BN4M9J0, 0BN4N880",ex,1,72,2000-Jan-10 11:16:04,n,y,f,y,n,,,0:29:25,2012-Jun-18 21:46:56,a,2012-Jun-18 21:45:23,o,n,2,1,0,1,NA,0,0,2012-Jun-18 21:47:12,w,r,y,n,3,NA,3,2012-Jun-18 21:47:15,wf,n,NA,571.6,2,n,2,2012-Jun-18 21:47:31,0,n,s817_2012_Jun_18_21-47-31,
173,cm,2012,s817,"0BN5MNS0, 0BN5NLT0, 0BN5O8H0, 0BN5OPD0",ex,2,73,2012-Jun-19 06:49:43,n,y,m,y,n,,,0:22:06,2012-Jun-19 07:18:49,v,2012-Jun-19 07:19:07,un,NA,NA,NA,NA,NA,NA,0,0,2012-Jun-19 07:18:49,f,b,n,n,NA,NA,2,2012-Jun-19 07:19:07,wf,y,571.6,NA,1,n,0,2012-Jun-19 07:19:43,0,t,s817_2012_Jun_19_07-19-43,"video of beginning of observation not working, so observation starts at 06:55:00 instead of 06:48:00,7 minutes missing"
174,cm,2012,s817,"0BN47800, 0BN486L0",non,1,72,2012-Jun-18 17:09:00,n,y,f,y,n,,,0:29:25,NA,NA,2012-Jun-18 17:14:47,o,n ,6,6,NA,NA,2012-Jun-18 17:35:40,1,0:00:14,,,,,,,,,,,,NA,NA,,,,,,,,"incubating bird flew off at 17:35:40 and hit twice the cage,then it sat back on nest at 17:35:54, maybe it wanted tofly-off, so I wrote NA."
175,cm,2012,s817,"0BN63780, 0BN645V0",non,2,73,2012-Jun-19 10:22:00,n,y,f,y,n,,,0:22:06,NA,NA,NA,NA,NA,0,0,NA,NA,NA,0,0,,,,,,,,,,,,NA,NA,,,,,,,,
176,cm,2013,s402,"0CLDJHO0, 0CLDKNU0, 0CLDLU40",ex,1,74,2012-Jun-21 09:01:03,n,y,f,y,n,,,0:29:24,2013-Jun-21 09:30:27,a,2013-Jun-21 09:29:52,o,n,5,4,0,1,NA,0,0,2013-Jun-21 09:30:42,w,r,n,n,0,0,0,2013-Jun-21 09:30:31,wf,n,NA,754.1833,1,n,1,2013-Jun-21 09:31:03,0,n,s402_2013_Jun_21_09-31-03,
177,cm,2013,s402,"0CLF0G90, 0CLF1ME0",ex,2,108,2012-Jun-21 21:35:41,n,y,m,y,n,,,0:29:20,2013-Jun-21 22:05:01,v,2013-Jun-21 22:05:13,c,n,NA,NA,NA,NA,NA,0,0,2013-Jun-21 22:05:01,w,l,n,n,3,0,3,2013-Jun-21 22:05:14,wf,n,754.1833,NA,1,n,2,2013-Jun-21 22:05:41,2,n,s402_2013_Jun_21_22-05-41,
178,cm,2013,s402,"0CLEJ840, 0CLEKE90",non,1,74,2013-Jun-21 17:43:00,n,y,m,y,n,,,0:29:24,NA,NA,2013-Jun-21 17:49:19,o,n,1,1,NA,NA,NA,0,0,,,,,,,,,,,,NA,NA,,,,,,,,"not 100% sure if it is the male on the nest, no data available ( see actogram)"
179,cm,2013,s402,"0CLF42P0, 0CLF5900",non,2,108,2013-Jun-21 22:40:00,n,y,f,y,n,,,0:29:20,NA,NA,2013-Jun-21 22:43:55,o,n,25,25,NA,NA,2013-Jun-21 22:47:21,4,0:08:23,,,,,,,,,,,,NA,NA,,,,,,,,
180,cm,2013,s406,"0CLRQB70, 0CLRRHF0, 0CLRSNQ0",ex,1,75,2013-Jun-26 18:14:56,2,y,m,n,n,,,0:29:46,2013-Jun-26 18:44:42,v,NA,NA,NA,NA,NA,NA,NA,NA,0,0,2013-Jun-26 18:44:42,w,l,NA,NA,NA,NA,NA,2013-Jun-26 18:44:43,w,NA,648.583,670.9333333,0,n,NA,2013-Jun-26 18:44:56,NA,t,s406_2013_Jun_26_18-44-56,there was no sound
181,cm,2013,s406,"0CLT1PQ0, 0CLT3000",ex,2,76,2013-Jun-27 05:26:01,3,y,f,n,n,,,0:29:48,2013-Jun-27 05:55:49,v,NA,NA,NA,NA,NA,NA,NA,NA,0,0,2013-Jun-27 05:55:49,w,l,NA,NA,NA,NA,NA,2013-Jun-27 05:55:52,f,NA,670.9333333,697.55,1,n,NA,2013-Jun-27 05:56:01,NA,t,s406_2013_Jun_27_05-56-01,there was no sound
182,cm,2013,s406,"0CLUADG0, 0CLUBJM0, 0CLUCQ00",ex,3,77,2013-Jun-27 17:03 52,4,y,m,n,n,,,0:29:40,2013-Jun-27 17:33:32,v,2013-Jun-27 17:16:32,o,NA,6,6,NA,NA,NA,0,0,2013-Jun-27 17:33:32,w,b,NA,NA,NA,NA,NA,2013-Jun-27 17:33:34,f,NA,697.55,792.833,0,n,NA,2013-Jun-27 17:33:52,NA,t,s406_2013_Jun_27_17-33-52,part of the videos was no sound. So only partly calls available
183,cm,2013,s406,"0CLQ86K0, 0CLTN9Q0",non,1,75,2013-Jun-26 03:48:00,0,y,f,n,n,,,0:29:46,NA,NA,NA,NA,NA,NA,NA,NA,NA,NA,0,0,,,,,,,,,,,,NA,NA,,,,,,,,
184,cm,2013,s406,"0CLTM3J0, 0CLTN9Q0",non,2,76,2013-Jun-27 11:03:15,3,y,m,n,n,,,0:29:48,NA,NA,NA,NA,NA,NA,NA,NA,NA,NA,0,0,,,,,,,,,,,,NA,NA,,,,,,,,
185,cm,2013,s406,"0CLUL5V0, 0CLUMC70",non,3,77,2013-Jun-27 19:54:00,4,y,f,n,n,,,0:29:40,NA,NA,NA,NA,NA,NA,NA,NA,NA,NA,0,0,,,,,,,,,,,,NA,NA,,,,,,,,
186,cm,2013,s409,"0CLV4O80, 0CLV5UC0, 0CLV74G0",ex,1,78,2013-Jun-28 00:33:58,n,n,m,y,n,,,0:25:00,2013-Jun-28 00:58:58,a,2013-Jun-28 00:58:58,c,n,12,0,0,12,NA,0,0,2013-Jun-28 01:03:53,w,r,y,n,2,0,2,2013-Jun-28 00:58:36,wf,n,699.5,706.45,0,y,2,2013-Jun-28 01:03:58,1,n,s409_2013_Jun_28_01-03-58,
187,cm,2013,s409,"0CM0DBG0, 0CM0EHK0, 0CM0FNP0",ex,2,79,2013-Jun-28 12:20:40,n,n,f,n,n,,,0:29:51,2013-Jun-28 12:50:31,v,NA,NA,NA,NA,NA,NA,NA,NA,0,0,2013-Jun-28 12:50:31,w,l,NA,NA,NA,NA,NA,2013-Jun-28 12:50:25,f,NA,706.45,733.5166667,NA,y,NA,2013-Jun-28 12:50:40,NA,t,s409_2013_Jun_28_12-50-40,no sound
188,cm,2013,s409,"0CM1PDM0, 0CM1QJN0, 0CM1RPO0",ex,3,80,2013-Jun-29 00:34:27,n,y,m,n,n,,,0:29:42,2013-Jun-29 01:04:09,v,NA,NA,NA,NA,NA,NA,NA,NA,0,0,2013-Jun-29 01:04:09,w,l,NA,NA,NA,NA,NA,2013-Jun-29 01:04:11,w,NA,733.5166667,792.4,1,n,NA,2013-Jun-29 01:04:27,NA,t,s409_2013_Jun_29_01-04-27,no sound
189,cm,2013,s409,"0CM37ME0, 0CM38SH0, 0CM3A2K0",ex,4,81,2013-Jun-29 13:47:02,n,y,f,n,n,,,0:29:43,2013-Jun-29 14:16:45,v,NA,NA,NA,NA,NA,NA,NA,NA,0,0,2013-Jun-29 14:16:45,w,l,NA,NA,NA,NA,NA,2013-Jun-29 14:16:51,w,NA,792.4,703.5666667,0,n,NA,2013-Jun-29 14:17:02,NA,t,s409_2013_Jun_29_14-17-02,no sound
190,cm,2013,s409,"0CM4H6M0, 0CM4ICO0, 0CM4JIT0",ex,5,82,2013-Jun-30 01:30:51,n,y,m,y,n,,,0:29:39,2013-Jun-30 02:00:30,a,2013-Jun-30 01:59:10,o,NA,3,3,0,0,NA,0,0,2013-Jun-30 02:00:35,w,l,y,NA,2,0,2,2013-Jun-30 02:00:36,wf,n,703.5666667,NA,2,n,3,2013-Jun-30 02:00:51,0,n,s409_2013_Jun_30_02-00-51,
191,cm,2013,s409,"0CLVTQQ0, 0CLVV110",non,1,79,2013-Jun-28 07:28:00,n,n,f,y,n,,,0:29:51,NA,NA,NA,NA,NA,0,0,NA,NA,NA,0,0,,,,,,,,,,,,NA,NA,,,,,,,,
192,cm,2013,s409,"0CM18OV0, 0CM19V80",non,2,78,2013-Jun-28 19:40:20,n,n,m,n,n,,,0:25:00,NA,NA,NA,NA,NA,NA,NA,NA,NA,NA,0,0,,,,,,,,,,,,NA,NA,,,,,,,,
193,cm,2013,s409,"0CM20HF0, 0CM21NE0",non,3,81,2013-Jun-29 02:26:00,n,y,f,n,n,,,0:29:43,NA,NA,NA,NA,NA,NA,NA,NA,NA,2013-Jun-29 2:42:06,1,0:02:31,,,,,,,,,,,,NA,NA,,,,,,,,
194,cm,2013,s409,"0CM3PGD0, 0CM3QMG0",non,4,80,2013-Jun-29 18:38:06,n,y,m,n,n,,,0:29:42,NA,NA,NA,NA,NA,NA,NA,NA,NA,NA,0,0,,,,,,,,,,,,NA,NA,,,,,,,,
195,cm,2013,s409,"0CM682O0, 0CM698U0",non,5,82,2013-Jun-30 17:00:00,n,y,m,y,n,,,0:29:39,NA,NA,NA,NA,NA,0,0,NA,NA,NA,0,0,,,,,,,,,,,,NA,NA,,,,,,,,
196,cm,2013,s410,"0CLK6KS0, 0CLK7R70, 0CLK9IG0",ex,1,83,2013-Jun-23 20:55:31,n,n,m,y,n,,,0:29:06,2013-Jun-23 21:24:37,v,NA,NA,NA,0,0,0,0,NA,0,0,2013-Jun-23 21:25:10,w,r,n,n,0,0,0,2013-Jun-23 20:38:16,f,n,615.667,645.4333333,0,y,0,2013-Jun-23 21:25:31,0,n,s410_2013_Jun_23_21-25-31,"incubating bird left much earlier, so the nest was empty during most of the time of observation"
197,cm,2013,s410,"0CLLCAM0, 0CLLDH20, 0CLLENC0",ex,2,84,2013-Jun-24 07:41:08,n,n,f,y,n,,,0:28:57,2013-Jun-24 08:10:05,v,2013-Jun-24 08:10:08,c,NA,NA,NA,NA,NA,NA,0,0,2013-Jun-24 08:10:05,w,r,n,n,3,NA,3,2013-Jun-24 08:10:57,w,n,645.4333333,715.1833,3,n,3,2013-Jun-24 08:11:08,2,n,s410_2013_Jun_24_08-11-08,fieldwrokers were at nest at 7:30 
296,dt,2013,s410,"0CLMMNK0, 0CLMNTU0, 0CLMP490",ex,3,,2013-Jun-24 19:37:13,n,n,m,y,n,,,0:29:37,2013-Jun-24 20:06:50,v,2013-Jun-53 20:06:53,o,n,0,0,1,3,2013-Jun-24 19:46:47,1,0:12:19,2013-Jun-24 20:07:02,w,r,y,n,0,0,0,2013-Jun-24 20:06:53,f,y,715.1833,655.7833,0,n,2,2013-Jun-24 20:07:13,0,n,,
198,cm,2013,s410,"0CLNSLO0, 0CLNTS10, 0CLNV2D0",ex,4,86,2013-Jun-25 06:33:09,n,n,f,y,n,,,0:28:53,2013-Jun-25 07:02:02,b,2013-Jun-25 06:38:28,o,NA,1,1,NA,NA,NA,0,0,2013-Jun-25 07:02:02,f,r,y,n,3,NA,3,2013-Jun-25 07:03:00,f,n,655.7833,633.583,3,n,3,2013-Jun-25 07:03:09,1,n,s410_2013_Jun_25_07-03-01,incubating bird was basically called away off nest
199,cm,2013,s410,"0CLLIAF0, 0CLLJGP0",non,1,83,2013-Jun-23 09:10:00,n,n,f,y,n,,,0:29:06,NA,NA,NA,NA,NA,0,0,NA,NA,NA,0,0,,,,,,,,,,,,NA,NA,,,,,,,,
200,cm,2013,s410,"0CLLTPF0, 0CLLUVR0",non,2,,2013-Jun-24 12:25:20,n,n,m,y,n,,,0:29:40,NA,NA,NA,NA,NA,0,0,NA,NA,NA,0,0,,,,,,,,,,,,NA,NA,,,,,,,,
201,cm,2013,s410,"0CLMKAU0, 0CLMLHB0, 0CLMMNK0",non,3,,2013-Jun-24 19:00:55,n,n,m,y,n,,,0:35:00,NA,NA,NA,NA,NA,NA,NA,NA,NA,2013-Jun-24 19:23:09,1,0:07:46,,,,,,,,,,,,NA,NA,,,,,,,s410_2013_Jun_24_19-30-55,"Was previously scored as an exchange, but was just a fly off. Christina's initial comment: incubating bird left before new bird arrived, am not sure wether the new bird is really the other one or the same one returning, it's not clear from the actogram and only one bird is caught"
202,cm,2013,s410,"0CLMRCH0, 0CLMSIR0",non,4,84,2013-Jun-24 20:51:00,n,n,f,y,n,,,0:28:57,NA,NA,NA,NA,NA,0,0,NA,NA,NA,0,0,,,,,,,,,,,,NA,NA,,,,,,,,
203,cm,2013,s410,"0CLNN7I0, 0CLNODS0",non,5,86,2013-Jun-25 04:46:00,n,n,f,y,n,,,0:28:53,NA,NA,NA,NA,NA,0,0,NA,NA,NA,0,0,,,,,,,,,,,,NA,NA,,,,,,,,
204,cm,2013,s506,"00002EG0, 00003KP0",ex,1,87,2000-Jan-01 00:50:37,n,n,m,y,vfa,2012-Jun-13 21:45:01,2000-Jan-01 13:11:40,0:29:32,2000-Jan-01 01:20:09,v,2000-Jan-01 01:19:11,o,n,3,3,NA,NA,2000-Jan-01 00:53:23,4,0:04:45,2000-Jan-01 01:20:09,f,l,NA,n,NA,NA,1,2000-Jan-01 01:20:18,f,y,224.0667,148.8,1,n,0,2000-Jan-01 01:20:37,0,n,s506_2013_Jun_13_01-20-37,"I could hear people talking, maybe that's why the bird flew off that often?"
205,cm,2013,s506,"0001P1T0, 0001Q870, 0001REJ0",ex,2,88,2000-Jan-01 16:29:41,n,n,f,n,vfa,2012-Jun-13 21:45:01,2000-Jan-01 13:11:40,0:29:54,2000-Jan-01 16:59:35,v,NA,NA,NA,NA,NA,NA,NA,NA,0,0,2000-Jan-01 16:59:35,f,l,NA,NA,NA,NA,NA,2000-Jan-01 16:55:41,f,NA,224.0167,227,0,y,NA,2000-Jan-01 16:59:41,NA,t,s506_2013_Jun_14_16-59-41,"camera set several meters away from nest because nest at ridge of water: sound available but unclear where it is coming from; one video doesn't work, so there is a time gap of 19:29 minutes (16:34:15 - 16:54:44)"
206,cm,2013,s506,"00027MH0, 00028T00",ex,3,89,2000-Jan-01 20:21:57,n,n,m,y,vfa,2012-Jun-13 21:45:01,2000-Jan-01 13:11:40,0:27:42,2000-Jan-01 20:49:39,b,2000-Jan-01 20:49:39,c,n,1,1,NA,NA,NA,0,0,2000-Jan-01 20:51:51,f,l,y,n,0,0,0,2000-Jan-01 20:46:41,f,n,227,283.1,0,y,2,2000-Jan-01 20:51:57,0,t,s506_2013_Jun_14_20-51-57,"only one bird caught at that time, when incubating bird left, one bird arrives, stays for around 2 minutes, then leaves again, one bird comes back and stays on nest. Am not sure which bird the ""middle one"" is, the male or the female"
207,cm,2013,s506,"0003ATJ0, 0003C3S0",non,1,89,2000-Jan-01 06:25:00,n,n,m,y,vfa,2012-Jun-13 21:45:01,2000-Jan-01 13:11:40,0:27:42,NA,NA,2000-Jan-01 06:29:20,o,n,5,5,NA,NA,NA,0,0,,,,,,,,,,,,NA,NA,,,,,,,,actogram shows people around the nest a lot of times
208,cm,2013,s506,"000131B0, 000147O0",non,2,88,2000-Jan-01 10:00:00,n,n,m,y,vfa,2012-Jun-13 21:45:01,2000-Jan-01 13:11:40,0:29:54,NA,NA,NA,NA,NA,0,0,NA,NA,2000-Jan-01 10:16:49,1,0:01:04,,,,,,,,,,,,NA,NA,,,,,,,,
209,cm,2013,s506,"0001ABM0, 0001BI20",non,3,87,2000-Jan-01 12:03:04,n,n,f,y,vfa,2012-Jun-13 21:45:01,2000-Jan-01 13:11:40,0:29:32,NA,NA,NA,NA,NA,0,0,NA,NA,NA,0,0,,,,,,,,,,,,NA,NA,,,,,,,,
210,cm,2013,s510,"0CKVL4E0, 0CKVMAO0",ex,1,90,2013-Jun-16 01:49:04,n,y,f,y,n,,,0:28:26,2013-Jun-16 02:17:30,b,2013-Jun-16 02:08:17,o,n,1,1,0,0,2013-Jun-16 01:58:05,1,0:10:12,2013-Jun-16 02:18:51,a,b,y,n,0,0,0,2013-Jun-16 02:17:42,wf,n,829.333,750.9833333,0,n,1,2013-Jun-16 02:19:04,0,n,s510_2013_Jun_16_02-19-04,
211,cm,2013,s510,"0CL11GJ0, 0CL12MV0",ex,2,,2013-Jun-16 14:20:23,n,y,m,y,n,,,,2013-Jun-16 14:50:00,a,2013-Jun-16 14:39:38,o,n,1,1,NA,NA,NA,0,0,2013-Jun-16 14:50:00,w,b,y,y,NA,NA,3,2013-Jun-16 14:50:03,wf,y,750.9833333,767.2,1,n,2,2013-Jun-16 14:50:23,0,n,s510_2013_Jun_16_14-50-23,"after ""bird on nest"" there was a bird calling ""2"" but it is not the bird on nest, maybe the one that left?"
212,cm,2013,s510,"0CL2F420, 0CL2GAJ0",ex,3,91,2013-Jun-17 03:09:37,n,y,f,y,n,,,0:27:59,2013-Jun-17 03:37:36,b,2013-Jun-17 03:37:36,c,n,1,0,0,1,NA,0,0,2013-Jun-17 03:39:14,w,r,n,n,0,0,0,2013-Jun-17 03:37:44,wf,n,767.2,674.667,0,n,0,2013-Jun-17 03:39:37,0,n,s510_2013_Jun_17_03-39-37,"verry rainy and foggy, the sight is very bad, sometimes nest not visible, videos start at 03:18:00 instead of 03:09:37, so 9 minutes too late."
213,cm,2013,s510,"0CL586H0, 0CL59CM0",ex,4,92,2013-Jun-18 04:42:19,n,y,f,y,n,,,0:29:22,2013-Jun-18 05:11:41,v,2013-Jun-18 05:11:58,un,n,1,1,NA,NA,NA,0,0,2013-Jun-18 05:11:41,w,f,n,n,NA,NA,1,2013-Jun-18 05:11:58,f,n,857.25,820.6666667,1,n,1,2013-Jun-18 05:12:19,0,n,s510_2013_Jun_18_05-12-19,
214,cm,2013,s510,"0CL6O3N0, 0CL6PA20",ex,5,93,2013-Jun-18 18:23:13,n,y,m,y,n,,,0:29:26,2013-Jun-18 18:52:39,v,2013-Jun-18 18:42:16,o,n,1,1,NA,NA,NA,0,0,2013-Jun-18 18:52:39,w,b,n,n,NA,NA,3,2013-Jun-18 18:52:59,w,NA,820.6666667,794.45,3,n,1,2013-Jun-18 18:53:13,1,n, ,
215,cm,2013,s510,"0CL86R40, 0CL881H0",ex,6,,2013-Jun-19 07:38:15,n,y,f,y,n,,,,2013-Jun-19 08:07:34,v,2013-Jun-19 08:07:38,un,n,4,4,NA,NA,NA,0,0,2013-Jun-19 08:07:34,f,l,n,n,NA,NA,3,2013-Jun-19 08:07:40,wf,n,794.45,786.7,0,n,0,2013-Jun-19 08:08:15,0,n,s510_2013_Jun_19_08-08-15,
216,cm,2013,s510,"0CL9LJD0, 0CL9MPO0",ex,7,94,2013-Jun-19 20:45:08,n,y,m,y,n,,,0:29:41,2013-Jun-19 21:14:49,v,2013-Jun-19 21:14:54,un,n,4,4,NA,NA,NA,0,0,2013-Jun-19 21:14:49,w,b,n,n,NA,NA,3,2013-Jun-19 21:14:57,wf,n,786.7,763.15,0,n,2,2013-Jun-19 21:15:08,0,t,s510_2013_Jun_19_21-15-08,"at 21:15:56 incubating bird flyss off because fieldassistant arrives at nestside, so there are not 5 minutes of observation after ""on nest"""
217,cm,2013,s510,"0CLB1A80, 0CLB2GL0, 0CLB3N20",ex,8,,2013-Jun-20 09:28:37,n,y,f,y,n,,,,2013-Jun-20 09:58:16,v,2013-Jun-20 09:58:32,c,n,2,2,NA,NA,NA,0,0,2013-Jun-20 09:58:16,f,b,n,n,0,0,0,2013-Jun-20 09:58:17,f,n,763.15,808.8,0,n,2,2013-Jun-20 09:58:37,0,n,s510_2013_Jun_20_09-58-37,
218,cm,2013,s510,"0CLCG1R0, 0CLCH860, 0CLCIEI0",ex,9,,2013-Jun-20 22:57:43,n,y,m,y,n,,,,2013-Jun-20 23:27:13,b,2013-Jun-20 23:27:13,c,n,4,4,NA,NA,NA,0,0,2013-Jun-20 23:27:13,w,l,y,n,3,0,2,2013-Jun-20 23:27:25,wf,n,808.8,NA,1,n,2,2013-Jun-20 23:27:43,0,n,s510_2013_Jun_20_23-27-43,
219,cm,2013,s510,"0CLF74E0, 0CLF8AO0, 0CLF9H20",ex,10,,2013-Jun-21 23:42:53,n,y,m,y,n,,,,2013-Jun-22 00:12:24,v,NA,un,NA,NA,NA,NA,NA,NA,0,0,2013-Jun-22 00:12:24,w,b,n,n,NA,NA,3,2013-Jun-22 00:12:42,wf,NA,686.333,NA,3,n,2,2013-Jun-22 00:12:53,0,n,s510_2013_Jun_22_00-12-53,
220,cm,2013,s510,"0CL0HTB0, 0CL0J3O0",non,1,90,2013-Jun-16 09:54:00,n,y,m,y,n,,,0:28:26,NA,NA,NA,NA,NA,0,0,NA,NA,NA,0,0,,,,,,,,,,,,NA,NA,,,,,,,,
221,cm,2013,s510,"0CL39EB0, 0CL3AKL0",non,2,91,2013-Jun-17 10:48:00,n,y,m,y,n,,,0:27:59,NA,NA,NA,NA,NA,0,0,NA,NA,NA,0,0,,,,,,,,,,,,NA,NA,,,,,,,,heavy rain
222,cm,2013,s510,"0CL4UJO0, 0CL4VQ50",non,3,93,2013-Jun-18 01:55:08,n,y,f,y,n,,,0:29:26,NA,NA,NA,NA,NA,0,0,NA,NA,NA,0,0,,,,,,,,,,,,NA,NA,,,,,,,,
223,cm,2013,s510,"0CL6FN80, 0CL6GTJ0",non,4,92,2013-Jun-18 15:54:00,n,y,m,y,n,,,0:29:22,NA,NA,NA,NA,NA,0,0,NA,NA,NA,0,0,,,,,,,,,,,,NA,NA,,,,,,,,
224,cm,2013,s510,"0CL93JN0, 0CL94Q30",non,5,94,2013-Jun-19 15:45:00,n,y,m,y,n,,,0:29:41,NA,NA,NA,NA,NA,0,0,NA,NA,NA,0,0,,,,,,,,,,,,NA,NA,,,,,,,,
225,cm,2013,s524,"0CM5L8K0, 0CM5MEV0, 0CM5NLA0",ex,1,95,2013-Jun-30 11:52:19,2,y,f,y,n,2013-Jul-01 12:38:47,2013-Jul-01 12:37:18,0:29:36,2013-Jun-30 12:21:55,v,2013-Jun-30 12:22:04,o,n,2,2,NA,NA,NA,0,0,2013-Jun-30 12:21:55,f,b,n,n,0,0,0,2013-Jun-30 12:22:04,f,y,781.583,740.8,0,n,0,2013-Jun-30 12:22:19,0,n,s524_2013_Jun_30_12-22-19,
226,cm,2013,s524,"0CM70D90, 0CM71JJ0, 0CM72PV0",ex,2,96,2013-Jul-01 00:12:57,3,y,m,y,n,2013-Jul-01 12:38:47,2013-Jul-01 12:37:18,0:29:33,2013-Jul-01 00:42:30,v,2013-Jul-01 00:42:08,o,n,1,1,NA,NA,NA,0,0,2013-Jul-01 00:42:30,w,b,n,n,3,0,3,2013-Jul-01 00:42:47,f,n,740.8,713.4333333,2,n,0,2013-Jul-01 00:42:57,0,n,s524_2013_Jul_01_00-42-57,
227,cm,2013,s524,"0CM8AA20, 0CM8BGD0, 0CM8CMM0",ex,3,97,2013-Jul-01 12:07:18,4,y,f,y,n,2013-Jul-01 12:38:47,2013-Jul-01 12:37:18,0:29:43,2013-Jul-01 12:37:01,v,2013-Jul-01 12:36:18,o,n,1,1,NA,NA,2013-Jul-01 12:18:08,1,0:04:43,2013-Jul-01 12:37:01,f,f,n,n,0,0,0,2013-Jul-01 12:36:23,wf,n,713.4333333,645.167,0,y,0,2013-Jul-01 12:37:18,0,n,s524_2013_Jul_01_12-37-18,
228,cm,2013,s524,"0CM4G450, 0CM4HAF0",non,1,95,2013-Jun-30 01:04:08,1,y,f,y,n,2013-Jul-01 12:38:47,2013-Jul-01 12:37:18,0:29:36,NA,NA,NA,NA,NA,0,0,NA,NA,NA,0,0,,,,,,,,,,,,NA,NA,,,,,,,,
229,cm,2013,s524,"0CM7RUI0, 0CM7T4R0",non,2,96,2013-Jul-01 07:44:21,3,y,f,y,n,2013-Jul-01 12:38:47,2013-Jul-01 12:37:18,0:29:33,NA,NA,NA,NA,NA,0,0,NA,NA,NA,0,0,,,,,,,,,,,,NA,NA,,,,,,,,
230,cm,2013,s524,"0CM9BNO0, 0CM9CTT0",non,3,97,2013-Jul-01 21:17:00,4,y,m,y,n,2013-Jul-01 12:38:47,2013-Jul-01 12:37:18,0:29:43,NA,NA,NA,NA,NA,0,0,NA,NA,2013-Jul-01 21:45:32,1,0:01:11,,,,,,,,,,,,NA,NA,,,,,,,,
231,cm,2013,s526,"0CMH6IG0, 0CMH7OQ0, 0CMH8V50",ex,1,98,2013-Jul-04 20:57:02,n,y,m,y,n,2013-Jul-05 10:17:49,2013-Jul-05 10:16:19,0:28:32,2013-Jul-04 21:25:34,a,NA,NA,NA,NA,NA,NA,NA,NA,0,0,2013-Jul-04 21:26:35,w,l,n,n,3,0,3,2013-Jul-04 21:26:44,w,n,627.25,766.1333333,1,n,3,2013-Jul-04 21:27:02,1,y,s526_2013_Jul_04_21-27-02,"incubating bird left nest at 20:33:58 and fly twice against cage, didn't return until 21:06:40, then it walked slowly and quietly calling towrds cage- I didn't count that as calling as I think it was scared by the cage"
232,cm,2013,s526,"0CMIK2C0, 0CMIL8L0, 0CMIMEU0",ex,2,99,2013-Jul-05 09:46:19,n,y,f,y,n,2013-Jul-05 10:17:49,2013-Jul-05 10:16:19,0:29:31,2013-Jul-05 10:15:50,b,2013-Jul-05 10:15:50,c,n,1,0,0,1,NA,0,0,2013-Jul-05 10:16:09,w,l,n,n,0,0,0,2013-Jul-05 10:13:10,wf,n,766.1333333,816.25,0,y,0,2013-Jul-05 10:16:19,0,n,s526_2013_Jul_05_10-16-19,
233,cm,2013,s526,"0CMK3V10, 0CMK55D0, 0CMK6BP0",ex,3,100,2013-Jul-05 23:26:31,n,y,m,y,n,2013-Jul-05 10:17:49,2013-Jul-05 10:16:19,0:29:53,2013-Jul-05 23:56:24,b,2013-Jul-05 23:56:24,c,n,1,1,NA,NA,NA,0,0,2013-Jul-05 23:56:24,w,r,y,n,0,0,0,2013-Jul-05 23:52:34,wf,n,816.25,860.4166667,0,y,0,2013-Jul-05 23:56:31,0,n,s526_2013_Jul_05_23-56-31,"very bad sight, picture almost black"
234,cm,2013,s526,"0CMLM6O0, 0CMLND40, 0CMLOJG0",ex,4,101,2013-Jul-06 13:47:17,n,y,f,y,n,2013-Jul-05 10:17:49,2013-Jul-05 10:16:19,0:29:34,2013-Jul-06 14:16:51,v,NA,NA,NA,NA,NA,NA,NA,NA,0,0,2013-Jul-06 14:16:51,w,r,n,n,0,0,0,2013-Jul-06 14:16:56,wf,n,860.4166667,509.3666667,0,n,0,2013-Jul-06 14:17:17,0,n,s526_2013_Jul_06_14-17-17,"very windy, incubating birs bangs against cage when flying off"
235,cm,2013,s526,"0CMMK270, 0CMML8F0, 0CMMMEL0",ex,5,102,2013-Jul-06 22:16:51,n,y,m,y,n,2013-Jul-05 10:17:49,2013-Jul-05 10:16:19,0:19:37,2013-Jul-06 22:46:28,v,2013-Jul-06 22:46:35,un,NA,NA,NA,NA,NA,NA,0,0,2013-Jul-06 22:46:28,w,r,n,n,NA,NA,3,2013-Jul-06 22:46:39,wf,n,509.3666667,749.7,1,n,3,2013-Jul-06 22:46:51,2,n,s526_2013_Jul_06_22-46-51,
236,cm,2013,s526,"0CMO06F0, 0CMO1CG0, 0CMO2IG0",ex,6,,2013-Jul-07 10:46:46,n,y,f,y,n,2013-Jul-05 10:17:49,2013-Jul-05 10:16:19,,2013-Jul-07 11:16:10,v,2013-Jul-07 11:16:28,un,NA,NA,NA,NA,NA,NA,0,0,2013-Jul-07 11:16:18,w,f,n,n,NA,NA,3,2013-Jul-07 11:16:33,wf,n,749.7,602.6833,1,n,0,2013-Jul-07 11:16:46,0,n,s526_2013_Jul_07_11-16-46,
237,cm,2013,s526,"0CMP3SQ0, 0CMP5350",ex,7,,2013-Jul-07 20:49:42,n,y,m,y,n,2013-Jul-05 10:17:49,2013-Jul-05 10:16:19,,2013-Jul-07 21:19:16,v,2013-Jul-07 20:58:24,o,n,1,1,NA,NA,NA,0,0,2013-Jul-07 21:19:16,w,l,n,n,NA,NA,3,2013-Jul-07 21:19:27,wf,n,602.6833,NA,3,n,2,2013-Jul-07 21:19:42,0,n,s526_2013_Jul_07_21-19-42,incubating bird hits head at cage when it flys off nest
238,cm,2013,s526,"0CMG69F0, 0CMG7FO0",non,1,98,2013-Jul-04 11:29:53,n,y,m,y,n,2013-Jul-05 10:17:49,2013-Jul-05 10:16:19,0:28:32,NA,NA,2013-Jul-04 11:40:03,o,n,2,2,NA,NA,NA,0,0,,,,,,,,,,,,NA,NA,,,,,,,,incubating bird may have answered a bird in the distance
239,cm,2013,s526,"0CMHVNG0, 0CMI0TQ0",non,2,99,2013-Jul-05 03:50:12,n,y,f,y,n,2013-Jul-05 10:17:49,2013-Jul-05 10:16:19,0:29:31,NA,NA,2013-Jul-05 04:11:00,o,n,2,2,NA,NA,NA,0,0,,,,,,,,,,,,NA,NA,,,,,,,,
240,cm,2013,s526,"0CMJ01L0, 0CMJ1800",non,3,100,2013-Jul-05 13:02:00,n,y,m,y,n,2013-Jul-05 10:17:49,2013-Jul-05 10:16:19,0:29:53,NA,NA,2013-Jul-05 13:06:13,o,n,2,2,NA,NA,NA,0,0,,,,,,,,,,,,NA,NA,,,,,,,,incubating bird may have answered a bird in the distance
241,cm,2013,s526,"0CMKH4J0, 0CMKIAP0",non,4,101,2013-Jul-06 03:00:00,n,y,f,y,n,2013-Jul-05 10:17:49,2013-Jul-05 10:16:19,0:29:34,NA,NA,NA,NA,NA,0,0,NA,NA,NA,0,0,,,,,,,,,,,,NA,NA,,,,,,,,
242,cm,2013,s526,0CMKQLS0,non,5,102,2013-Jul-06 05:42:22,n,y,f,y,n,2013-Jul-05 10:17:49,2013-Jul-05 10:16:19,0:19:37,NA,NA,NA,NA,NA,0,0,NA,NA,NA,0,0,,,,,,,,,,,,NA,NA,,,,,,,,
243,cm/dt,2013,s527,"0CMHF2N0, 0CMHG8R0, 0CMHHF10",ex,1,,2013-Jul-04 23:24:56,n,n,m,y,n,2013-Jul-05 22:54:17,2013-Jul-05 23:03:12,0:36:51,2013-Jul-04 23:54:19,a,2013-Jul-04 23:47:02,o,n,4,4,0,0,2013-Jul-04 23:45:37,1,0:01:51,2013-Jul-04 23:54:32,w,b,y,n,0,0,0,2013-Jul-04 23:54:36,f,n,621.583,713.5167,1,n,2,2013-Jul-04 23:54:56,0,n,s527_2013_Jul_04_23-47-28,"was previously scored by cm as an exchange until the fly off, dt scored the rest until the actual exchange"
244,cm,2013,s527,"0CMIORM0, 0CMIQ1V0,",ex,2,104,2013-Jul-05 11:19:26,n,n,f,y,n,2013-Jul-05 22:54:17,2013-Jul-05 23:03:12,0:29:52,2013-Jul-05 11:49:18,v,2013-Jul-05 11:48:20,o,n,1,1,NA,NA,NA,0,0,2013-Jul-05 11:49:18,w,b,n,n,0,0,0,2013-Jul-05 11:48:27,f,n,713.5167,673.5666667,0,y,0,2013-Jul-05 11:49:26,0,n,s527_2013_Jul_05_11-49-26,
245,cm,2013,s527,"0CMK09R0, 0CMK1G20, 0CMK2MA0",ex,3,105,2013-Jul-05 22:33:12,n,n,m,y,n,2013-Jul-05 22:54:17,2013-Jul-05 23:03:12,0:29:28,2013-Jul-05 23:02:40 ,v,2013-Jul-05 22:49:42,o,n,2,2,0,0,NA,0,0,2013-Jul-05 23:02:42,f,l,n,n,1,2,2,2013-Jul-05 23:03:00,wf,n,673.5666667,840.6666667,2,n,0,2013-Jul-05 23:03:12,0,n,s527_2013_Jul_05_23-03-12,
246,cm,2013,s527,"0CMLH8F0, 0CMLIEN0, 0CMLJL00",ex,4,106,2013-Jul-06 12:34:12,n,n,f,y,n,2013-Jul-05 22:54:17,2013-Jul-05 23:03:12,0:29:50,2013-Jul-06 13:04:02,v,NA,NA,NA,NA,NA,NA,NA,NA,0,0,2013-Jul-06 13:04:02,w,b,n,n,0,0,0,2013-Jul-06 13:03:52,f,n,840.6666667,NA,0,y,0,2013-Jul-06 13:04:12,0,t,s527_2013_Jul_06_13-04-12,fieldworker did something at the nest and left nly 10 minutes before observation starts. Incubating bird leaves before incoming bird visible/audible but the latter arrives only 10 seconds later so maybe the incoming bird was present but nt for the observer?
247,cm,2013,s527,"0CMQ24M0, 0CMQ3AT0, 0CMQ4H10",ex,5,107,2013-Jul-08 05:42:28,1,n,f,y,n,2013-Jul-05 22:54:17,2013-Jul-05 23:03:12,0:29:54,2013-Jul-08 06:12:22,v,2013-Jul-08 05:55:33,o,n,2,2,NA,NA,2013-Jul-08 05:50:06,1,0:05:31,2013-Jul-08 06:12:22,w,l,n,n,0,0,0,2013-Jul-08 06:07:09,f,n,NA,641.5333,0,y,0,2013-Jul-08 06:12:28,0,n,s527_2013_Jul_08_06-12-28,
248,cm,2013,s527,"0CMRL2U0, 0CMRM910, 0CMRNF70",ex,6,,2013-Jul-08 20:09:08,2,n,m,y,n,2013-Jul-05 22:54:17,2013-Jul-05 23:03:12,,2013-Jul-08 20:38:59,v,NA,NA,n,NA,NA,NA,NA,NA,0,0,2013-Jul-08 20:38:59,w,l,n,n,0,0,0,2013-Jul-08 16:45:00,w,y,641.5333,155.083,0,y,0,2013-Jul-08 20:39:08,0,y,s527_2013_Jul_08_20-39-08,"incubating bird left around 16:45:00, that is almost 4 hours before the new Sesa arrived."
249,cm,2013,s527,"0CMSL9A0, 0CMSMFL0",ex,7,,2013-Jul-09 05:06:38,3,n,f,y,n,2013-Jul-05 22:54:17,2013-Jul-05 23:03:12,,2013-Jul-09 05:36:27,v,2013-Jul-09 05:33:25,o,n,1,1,NA,NA,2013-Jul-09 05:06:48,2,0:01:12,2013-Jul-09 05:36:27,f,l,n,n,0,0,0,2013-Jul-09 05:36:30,f,n,378.75,309.167,0,n,0,2013-Jul-09 05:36:38,1,n,s527_2013_Jul_09_05-36-38,"Wind, Fog"
250,cm,2013,s527,"0CMH1UF0, 0CMH34J0",non,1,,2013-Jul-04 19:22:00,n,n,m,y,n,2013-Jul-05 22:54:17,2013-Jul-05 23:03:12,0:29:42,NA,NA,NA,NA,NA,0,0,NA,NA,NA,0,0,,,,,,,,,,,,NA,NA,,,,,,,,
251,cm,2013,s527,"0CMJ17J0, 0CMJ2DT0",non,2,104,2013-Jul-05 13:22:00,n,n,m,y,n,2013-Jul-05 22:54:17,2013-Jul-05 23:03:12,0:29:52,NA,NA,2013-Jul-05 13:23:51,o,n,1,1,NA,NA,NA,0,0,,,,,,,,,,,,NA,NA,,,,,,,,
252,cm,2013,s527,"0CMJTTL0, 0CMJV3M0",non,3,105,2013-Jul-05 21:31:34,n,n,m,y,n,2013-Jul-05 22:54:17,2013-Jul-05 23:03:12,0:29:28,NA,NA,2013-Jul-05 21:45:46,o,n,5,5,NA,NA,NA,0,0,,,,,,,,,,,,NA,NA,,,,,,,,
253,cm,2013,s527,"0CML8SP0, 0CMLA310",non,4,106,2013-Jul-06 09:45:00,n,n,f,y,n,2013-Jul-05 22:54:17,2013-Jul-05 23:03:12,0:29:50,NA,NA,NA,NA,NA,0,0,NA,NA,NA,0,0,,,,,,,,,,,,NA,NA,,,,,,,,
254,cm,2013,s527,"0CMR4FA0, 0CMR5L30",non,5,107,2013-Jul-08 15:06:20,1,n,m,y,n,2013-Jul-05 22:54:17,2013-Jul-05 23:03:12,0:29:54,NA,NA,2013-Jul-08 15:31:50,o,n,3,3,NA,NA,2013-Jul-08 15:32:55,1,0:02:55,,,,,,,,,,,,NA,NA,,,,,,,,
255,cm,2013,s608,"000081F0, 000095M0, 0000A9R0",ex,1,109,2000-Jan-01 02:36:12,n,n,m,y,vfa,2013-Jun-13 13:03:18,2000-Jan-01 04:11:57,0:29:53,2000-Jan-01 03:06:05,v,2000-Jan-01 03:06:05,c,n,1,1,NA,NA,NA,0,0,2000-Jan-01 03:06:05,f,b,y,n,0,NA,0,2000-Jan-01 03:04:40,f,n,NA,NA,0,y,0,2000-Jan-01 03:06:12,0,t,s608_2013_Jun_13_03-06-12,
256,cm,2013,s608,"0000CJB0, 0000DNI0, 0000ERG0",ex,2,110,2000-Jan-01 03:43:13,n,n,f,y,vfa,2013-Jun-13 13:03:18,2000-Jan-01 04:11:57,0:17:28,2000-Jan-01 04:00:42,b,2000-Jan-01 04:00:42,c,y,12,0,12,12,NA,0,0,2000-Jan-01 04:12:54,w,r,n,n,0,0,0,2000-Jan-01 04:11:57,f,n,NA,NA,0,NA,0,2000-Jan-01 04:13:14,0,t,s608_2013_Jun_13_04-13-14,"NA at left before presence: the incoming bird has been there 8 minutes beforeand both birds where calling ""3"" for almost 2 minutes and I don't know whether he was still arround?"
257,cm,2013,s608,"000139M0, 00014F60",ex,3,111,2000-Jan-01 10:05:55,n,n,f,y,vfa,2013-Jun-13 13:03:18,2000-Jan-01 04:11:57,0:29:36,2000-Jan-01 10:35:31,v,2000-Jan-01 10:20:06,o,n,1,1,0,0,NA,0,0,2000-Jan-01 10:35:48,w,f,n,n,0,0,0,2000-Jan-01 10:34:03,f,n,NA,NA,0,y,0,2000-Jan-01 10:35:55,0,y,s608_2013_Jun_13_10-35-55,
258,cm,2013,s608,"0002D0C0, 0002E4D0",ex,4,112,2000-Jan-01 22:01:53,n,n,f,y,vfa,2013-Jun-13 13:03:18,2000-Jan-01 04:11:57,0:28:20,2000-Jan-01 22:30:13,v,2000-Jan-01 22:20:27,o,n,1,1,0,0,NA,0,0,2000-Jan-01 22:31:36,w,f,n,n,0,0,0,2000-Jan-01 22:28:36,f,n,NA,NA,0,y,0,2000-Jan-01 22:31:53,0,y,s608_2013_Jun_14_22-31-53,
259,cm,2013,s608,"00006T90, 000081F0",non,1,109,2000-Jan-01 01:58:03 ,n,n,m,y,vfa,2013-Jun-14 03:35:36,2000-Jan-01 18:34:01,0:29:53,NA,NA,NA,NA,NA,0,0,NA,NA,NA,0,0,,,,,,,,,,,,NA,NA,,,,,,,,
260,cm,2013,s608,0001HAE0,non,2,110,2000-Jan-01 14:02:00  ,n,n,m,y,vfa,2013-Jun-14 03:35:36,2000-Jan-01 18:34:01,0:17:28,NA,NA,NA,NA,NA,0,0,NA,NA,NA,0,0,,,,,,,,,,,,NA,NA,,,,,,,,
261,cm,2013,s608,"0001U0G0, 0001V6F0",non,3,111,2000-Jan-01 17:38:25,n,n,m,y,vfa,2013-Jun-14 03:35:36,2000-Jan-01 18:34:01,0:29:36,NA,NA,2000-Jan-01 17:43:01,o,n,2,2,NA,NA,NA,0,0,,,,,,,,,,,,NA,NA,,,,,,,,
262,cm,2013,s608,"0000NUE0, 0000P2U0",non,4,112,2000-Jan-01 06:48:49,n,n,f,y,vfa,2013-Jun-14 03:35:36,2000-Jan-01 18:34:01,0:28:20,NA,NA,NA,NA,NA,0,0,NA,NA,NA,0,0,,,,,,,,,,,,NA,NA,,,,,,,,
263,cm,2013,s624,"0CLDIIK0, 0CLDJOV0",ex,1,113,2013-Jun-21 08:26:49,n,n,f,y,n,2013-Jun-22 11:27:39,2013-Jun-22 11:26:14,0:29:51,2013-Jun-21 08:56:40,b,2013-Jun-21 08:40:05,o,n,4,4,NA,NA,NA,0,0,2013-Jun-21 08:56:40,f,f,y,n,1,0,1,2013-Jun-21 08:56:28,wf,n,NA,754.45,0,y,0,2013-Jun-21 08:56:49,0,n,s624_2013_Jun_21_08-56-49,only the male caught
264,cm,2013,s624,"0CLETLF0, 0CLEURM0, 0CLF01V0",ex,2,114,2013-Jun-21 21:01:25,n,n,m,y,n,2013-Jun-22 11:27:39,2013-Jun-22 11:26:14,0:29:42,2013-Jun-21 21:31:07,a,2013-Jun-21 21:31:07,o,y,2,0,1,1,NA,0,0,2013-Jun-21 21:31:09,w,l,y,n,3,0,3,2013-Jun-21 21:31:16,f,n,754.45,834.35,1,n,3,2013-Jun-21 21:31:25,3,n,s624_2013_Jun_21_21-31-25,only the male caught
265,cm,2013,s624,"0CLGFTJ0, 0CLGH3U0",ex,3,115,2013-Jun-22 10:56:14,n,n,f,y,n,2013-Jun-22 11:27:39,2013-Jun-22 11:26:14,0:29:49,2013-Jun-22 11:26:03,b,2013-Jun-22 11:14:41,o,n,2,2,0,2,NA,0,0,2013-Jun-22 11:26:05,w,f,y,n,1,0,1,2013-Jun-22 11:25:46,f,n,834.35,446.7667,0,y,0,2013-Jun-22 11:26:14,0,n,s624_2013_Jun_22_11-26-14,only the male caught; very foggy
266,cm,2013,s624,"0CLDOI40, 0CLDPOD0",non,1,113,2013-Jun-21 10:07:02,n,n,m,y,n,2013-Jun-22 11:27:39,2013-Jun-22 11:26:14,0:29:51,NA,NA,NA,NA,NA,0,0,NA,NA,NA,0,0,,,,,,,,,,,,NA,NA,,,,,,,,very silent call at 10:15:05
267,cm,2013,s624,"0CLDQUN0, 0CLDS520",non,2,114,2013-Jun-21 10:48:00,n,n,m,y,n,2013-Jun-22 11:27:39,2013-Jun-22 11:26:14,0:29:42,NA,NA,2013-Jun-21 11:06:08,o,n,1,1,NA,NA,NA,0,0,,,,,,,,,,,,NA,NA,,,,,,,,
268,cm,2013,s624,"0CLFLIH0, 0CLFMOP0",non,3,115,2013-Jun-22 03:28:20,n,n,f,y,n,2013-Jun-22 11:27:39,2013-Jun-22 11:26:14,0:29:49,NA,NA,NA,NA,NA,0,0,NA,NA,NA,0,0,,,,,,,,,,,,NA,NA,,,,,,,,
269,cm,2013,s702,"0CL5EE70, 0CL5FK20",ex,1,116,2013-Jun-18 06:31:39,n,y,f,y,n,,,0:28:56,2013-Jun-18 07:00:35,a,2013-Jun-18 06:59:21,o,n,3,2,0,1,NA,0,0,2013-Jun-18 07:01:18,w,l,y,y,3,3,3,2013-Jun-18 07:01:31,wf,n,684,852.25,2,n,1,2013-Jun-18 07:01:39,0,n,s702_2013_Jun_18 _07-01-39,
270,cm,2013,s702,"0CL70830, 0CL71EA0, 0CL72KH0",ex,2,117,2013-Jun-18 20:44:15,n,y,m,y,n,,,0:29:38,2013-Jun-18 21:13:53,a,2013-Jun-18 21:13:53,c,n,4,0,0,4,NA,0,0,2013-Jun-18 21:14:05,w,r,y,n,2,0,2,2013-Jun-18 21:13:54,wf,n,852.25,731.2166667,0,n,1,2013-Jun-18 21:14:15,0,n,s702_2013_Jun_18_21-14-15,
271,cm,2013,s702,"0CL8B460, 0CL8C9V0",ex,3,,2013-Jun-19 08:55:39,n,y,f,y,n,,,,2013-Jun-19 09:24:51,v,2013-Jun-19 09:05:40,o,n,2,2,0,0,NA,0,0,2013-Jun-19 09:25:11,w,f,n,n,3,3,3,2013-Jun-19 09:25:28,wf,n,731.2166667,826.2333333,2,n,1,2013-Jun-19 09:25:39,0,n,s702_2013_Jun_19_09-25-39,
272,cm,2013,s702,"0CL9QQ50, 0CL9S0B0, 0CL9T6J0",ex,4,118,2013-Jun-19 22:42:08,n,y,m,y,n,,,0:28:24,2013-Jun-19 23:10:32,b,2013-Jun-19 23:10:32,c,y,2,0,1,1,NA,0,0,2013-Jun-19 23:11:54,w,r,y,n,3,0,3,2013-Jun-19 23:11:53,w,n,826.2333333,750.6666667,1,n,3,2013-Jun-19 23:12:08,0,n,s702_2013_Jun_19_23-12-08,
273,cm,2013,s702,"0CLB7R70, 0CLB9170",ex,5,119,2013-Jun-20 11:13:02,n,y,f,y,n,,,0:29:19,2013-Jun-20 11:42:21,v,2013-Jun-20 11:42:14,o,n,5,5,NA,NA,NA,0,0,2013-Jun-20 11:42:21,w,l,n,n,2,3,3,2013-Jun-20 11:42:48,w,n,750.6666667,NA,2,n,1,2013-Jun-20 11:43:02,0,n,s702_2013_Jun_20_11-43-02,
274,cm,2013,s702,"0CLGF2N0, 0CLGG8U0",ex,6,120,2013-Jun-22 10:49:39,3,y,m,y,n,,,0:29:31,2013-Jun-22 11:19:10,v,2013-Jun-22 11:19:17,o,y,1,0,1,0,NA,0,0,2013-Jun-22 11:19:17,w,r,y,n,1,0,1,2013-Jun-22 11:19:23,wf,n,686.25,374.8833333,1,n,0,2013-Jun-22 11:19:39,0,n,s702_2013_Jun-22_11-19-39,after the new SeSa was on nest he left twice within 5 minutes of observation for a short while
275,cm,2013,s702,"0CLH4HV0, 0CLH5O40, 0CLH6UA0",ex,7,,2013-Jun-22 17:04:36,4,y,f,y,n,,,,2013-Jun-22 17:33:26,v,2013-Jun-22 17:33:29,un,NA,NA,NA,NA,NA,NA,0,0,2013-Jun-22 17:33:26,w,b,n,n,NA,NA,3,2013-Jun-22 17:34:32,w,n,374.8833333,679.9666667,3,n,1,2013-Jun-22 17:34:36,1,n,s702_2013_Jun_22_17-34-36,
276,cm,2013,s702,"0CLIHTJ0, 0CLIJ3O0, 0CLIK9U0",ex,8,,2013-Jun-23 05:56:01,5,y,m,y,n,,,,2013-Jun-23 06:25:47,v,NA,NA,NA,NA,NA,NA,NA,NA,0,0,2013-Jun-23 06:25:47,w,f,n,NA,0,NA,0,2013-Jun-23 04:54:34,wf,n,679.9666667,662.25,0,y,0,2013-Jun-23 06:26:01,0,y,s702_2013_Jun_23_06-26-01,"incubating bird left nest around 1,5 hours before new SeSa arrived"
277,cm,2013,s702,"0CL52GK0, 0CL53MR0",non,1,116,2013-Jun-18 03:01:42,n,y,f,y,n,,,0:28:56,NA,NA,2013-Jun-18 03:17:36,o,n,1,1,NA,NA,NA,0,0,,,,,,,,,,,,NA,NA,,,,,,,,
278,cm,2013,s702,"0CL63OH0, 0CL64UC0",non,2,117,2013-Jun-18 12:29:07,n,y,m,y,n,,,0:29:38,NA,NA,NA,NA,NA,0,0,NA,NA,NA,0,0,,,,,,,,,,,,NA,NA,,,,,,,,
279,cm,2013,s702,"0CL9N7C0, 0CL9ODM0",non,3,118,2013-Jun-19 21:19:41,n,y,m,y,n,,,0:28:24,NA,NA,NA,NA,NA,0,0,NA,NA,NA,0,0,,,,,,,,,,,,NA,NA,,,,,,,,
280,cm,2013,s702,"0CLB5FD0, 0CLB6LA0",non,4,119,2013-Jun-20 10:29:02,n,y,f,y,n,,,0:29:19,NA,NA,2013-Jun-20 10:53:21,o,n,1,1,NA,NA,2013-Jun-20 10:53:20,1,0:03:15,,,,,,,,,,,,NA,NA,,,,,,,,
281,cm,2013,s702,"0CLGUJ30, 0CLGVP70",non,5,120,2013-Jun-22 15:08:20,3,y,f,y,n,,,0:29:31,NA,NA,NA,NA,NA,0,0,NA,NA,NA,0,0,,,,,,,,,,,,NA,NA,,,,,,,,
282,cm,2013,s805,"0CLKPMR0, 0CLKQT50",ex,1,,2013-Jun-24 02:12:52,n,y,f,y,n,,,,2013-Jun-24 02:42:15,v,2013-Jun-24 02:42:35,c,n,NA,NA,NA,NA,NA,0,0,2013-Jun-24 02:42:15,w,b,n,n,3,0,3,2013-Jun-24 02:42:41,f,n,791.75,650.7333333,1,n,2,2013-Jun-24 02:42:52,0,n,s805_2013_Jun_24_02-42-52,
283,cm,2013,s805,"0CLM00S0, 0CLM1780",ex,2,121,2013-Jun-24 13:03:53,n,y,m,y,n,,,0:29:21,2013-Jun-24 13:33:14,v,2013-Jun-24 13:33:33,c,n,NA,0,0,NA,NA,0,0,2013-Jun-24 13:33:31,w,l,n,n,3,0,3,2013-Jun-24 13:33:36,wf,n,650.7333333,656.6833333,1,n,2,2013-Jun-24 13:33:53,0,n,s805_2013_Jun_24_13-33-53,
284,cm,2013,s805,"0CLN6BB0, 0CLN7HO0",ex,3,122,2013-Jun-25 00:00:48,n,y,f,y,n,,,0:29:29,2013-Jun-25 00:30:17,v,2013-Jun-25 00:28:58,o,n,2,2,NA,NA,NA,0,0,2013-Jun-25 00:30:32,w,r,n,n,3,0,3,2013-Jun-25 00:30:34,f,n,656.6833333,NA,1,n,2,2013-Jun-25 00:30:48,0,n,s805-2013_Jun_25_00-30-48,
285,cm,2013,s805,"0CLS73D0, 0CLLS89N0, 0CLS9G20",ex,4,123,2013-Jun-26 22:08:29,2,y,m,y,n,,,0:29:00,2013-Jun-26 22:37:29,a,2013-Jun-26 22:19:35,o,n,2,1,1,0,NA,0,0,2013-Jun-26 22:37:59,w,b,n,n,3,0,3,2013-Jun-26 22:38:08,wf,n,514.5,543.2667,1,n,2,2013-Jun-26 22:38:29,0,n,s805_2013_Jun_26_22-38-29,"there's a cable running to the nest,  is it heated?"
286,cm,2013,s805,"0CLT8IM0, 0CLT9OT0",ex,5,124,2013-Jun-27 07:11:45,3,y,f,y,n,,,0:29:30,2013-Jun-27 07:41:28,a,2013-Jun-27 07:41:41,c,n,NA,0,0,NA,NA,0,0,2013-Jun-27 07:41:33,w,b,n,n,3,0,3,2013-Jun-27 07:41:45,wf,n,543.2667,637.0666667,1,n,3,2013-Jun-27 07:41:58,1,n,s805_2013_Jun_27_07-41-58,
287,cm,2013,s805,"0CLUDKF0, 0CLUEQO0",ex,6,,2013-Jun-27 17:49:16,4,y,m,y,n,,,,2013-Jun-27 18:18:52,v,NA,NA,NA,0,0,NA,NA,NA,0,0,2013-Jun-27 18:18:52,w,l,n,n,NA,NA,1,2013-Jun-27 18:19:02,f,n,637.0666667,670.0666667,1,n,1,2013-Jun-27 18:19:16,0,n,s805_2013_Jun_27_18-19-16,"after the incoming bird arrived one of them or bith call very softly, rather whistling, I scored it as ""1"" but didn't take it as frist-call"
288,cm,2013,s805,"0CLVL3I0, 0CLVM9S0",ex,7,,2013-Jun-28 04:59:31,5,y,f,y,n,,,,2013-Jun-28 05:29:03,v,2013-Jun-28 05:29:14,un,NA,NA,NA,NA,NA,NA,0,0,2013-Jun-28 05:29:03,f,r,n,n,NA,NA,3,2013-Jun-28 05:29:20,f,n,670.0666667,672.6666667,1,n,2,2013-Jun-28 05:29:31,0,n,s805_2013_Jun_28_05-29-31,very windy
289,cm,2013,s805,"0CM0RD50, 0CM0SJ60, 0CM0TPB0",ex,8,,2013-Jun-28 16:12:28,6,y,m,y,n,,,,2013-Jun-28 16:42:03,v,2013-Jun-28 16:42:08,un,NA,NA,NA,NA,NA,NA,0,0,2013-Jun-28 16:42:03,w,b,n,n,NA,NA,3,2013-Jun-28 16:42:11,f,n,672.6666667,663.75,1,n,1,2013-Jun-28 16:42:28,0,n,s805_2013_Jun_28_16-42-28,very windy
290,cm,2013,s805,"0CM3BIO0, 0CM3CP20, 0CM3DVB0",ex,9,125,2013-Jun-29 14:58:08,8,y,m,y,n,,,0:29:19,2013-Jun-29 15:27:27,v,2013-Jun-29 15:27:49,o,n,1,0,1,0,NA,0,0,2013-Jun-29 15:27:59,w,f,n,n,0,0,0,2013-Jun-29 15:27:49,f,y,701.667,711.667,1,n,0,2013-Jun-29 15:28:08,0,n,s805_2013_Jun_29_15-28-08,
291,cm,2013,s805,"0CLLK1N0, 0CLLL820",non,1,121,2013-Jun-24 09:39:04,n,y,m,y,n,,,0:29:21,NA,NA,NA,NA,NA,0,0,NA,NA,NA,0,0,,,,,,,,,,,,NA,NA,,,,,,,,
292,cm,2013,s805,"0CLOBG70, 0CLOCMI0",non,2,122,2013-Jun-25 10:31:40,n,y,m,y,n,,,0:29:32,NA,NA,2013-Jun-25 10:53:26,o,n,1,1,NA,NA,2013-Jun-25 10:32:05,1,0:00:59,,,,,,,,,,,,NA,NA,,,,,,,,
293,cm,2013,s805,"0CLRJV00, 0CLRL580",non,3,123,2013-Jun-26 16:14:25,1,y,m,y,n,,,0:29:00,NA,NA,NA,NA,NA,0,0,NA,NA,NA,0,0,,,,,,,,,,,,NA,NA,,,,,,,,
294,cm,2013,s805,"0CLSK8E0, 0CLSLEL0",non,4,124,2013-Jun-27 01:25:35,2,y,f,y,n,,,0:29:30,NA,NA,NA,NA,NA,0,0,NA,NA,NA,0,0,,,,,,,,,,,,NA,NA,,,,,,,,
295,cm,2013,s805,"0CM35JB0, 0CM36PJ0",non,5,125,2013-Jun-29 12:58:20,7,y,m,y,n,,,0:29:19,NA,NA,NA,NA,NA,0,0,NA,NA,2013-Jun-29 13:10:15,1,0:02:41,,,,,,,,,,,,NA,NA,,,,,,,,
,,,,,,,,,,,,,,,,,,,,,,,,,,,,,,,,,,,,,,,,,,,,,,,,,
,,,,,,,,,,,,,,,,,,,,,,,,,,,,,,,,,,,,,,,,,,,,,,,,,
,,,,,,,,,,,,,,,,,,,,,,,,,,,,,,,,,,,,,,,,,,,,,,,,,
,,,,,,,,,,,,,,,,,,,,,,,,,,,,,,,,,,,,,,,,,,,,,,,,,
,,,,,,,,,,,,,,,,,,,,,,,,,,,,,,,,,,,,,,,,,,,,,,,,,
,,,,,,,,,,,,,,,,,,,,,,,,,,,,,,,,,,,,,,,,,,,,,,,,,
,,,,,,,,,,,,,,,,,,,,,,,,,,,,,,,,,,,,,,,,,,,,,,,,,
